class,row,wallet,time,neighbor,full_probability,without_probability,delta,abs_delta,full_pred,without_pred,flip,risk_increasing,protective
1,1988,126t2Uo8SoUn7djGxjzbENQQbzsfSiiAXf,42,141Zu4pHzkYZefE2audb1FU1gRkJ1TNKT6,0.6196354627609253,0.9756718277931213,-0.35603636503219604,0.35603636503219604,False,True,True,False,True
1,2122,127cyYh7Vc4J8W2PqwWvCtz24YtLdNfbHs,46,38BoHtepsEZyWoCRKKyAe9gKW8wp3aPouM,0.6638036966323853,0.1341162919998169,0.5296874046325684,0.5296874046325684,False,False,False,True,False
1,2915,12BnHTsE9qQWBgSoG3LWGnokKJtS6A1CKE,47,1H7iXk3DJBgqShM3ADiKGggQmqMNUMhogm,0.5029497146606445,0.7933729290962219,-0.2904232144355774,0.2904232144355774,False,False,False,False,True
1,7437,12ccSQ7vJZTXgQRkyVwTQGhFKaiqK14uAw,49,14Ni6kMXUbyRrJEXJxibR9qGKj7Pfq4y2C,0.1625577062368393,0.18216654658317566,-0.019608840346336365,0.019608840346336365,False,False,False,False,True
1,7437,12ccSQ7vJZTXgQRkyVwTQGhFKaiqK14uAw,49,15DfNzRJw5TE7rSftM8gCSSopE7t5M56L3,0.1625577062368393,0.17589442431926727,-0.013336718082427979,0.013336718082427979,False,False,False,False,True
1,7437,12ccSQ7vJZTXgQRkyVwTQGhFKaiqK14uAw,49,15Nz69Kce3Vi51kTaZGaRJfpugdmLbBQVR,0.1625577062368393,0.18453992903232574,-0.02198222279548645,0.02198222279548645,False,False,False,False,True
1,7437,12ccSQ7vJZTXgQRkyVwTQGhFKaiqK14uAw,49,184ppwACtrAwHtwEunitcDTJTGjtND9zSH,0.1625577062368393,0.17965064942836761,-0.01709294319152832,0.01709294319152832,False,False,False,False,True
1,7437,12ccSQ7vJZTXgQRkyVwTQGhFKaiqK14uAw,49,1BpAh5B7C5xuf3DPfkuedWXsvbtGyUkmdu,0.1625577062368393,0.17888487875461578,-0.01632717251777649,0.01632717251777649,False,False,False,False,True
1,7437,12ccSQ7vJZTXgQRkyVwTQGhFKaiqK14uAw,49,1Dd4oF92npCRg7odtWYyPevo92dQ7CGojK,0.1625577062368393,0.17651434242725372,-0.013956636190414429,0.013956636190414429,False,False,False,False,True
1,7437,12ccSQ7vJZTXgQRkyVwTQGhFKaiqK14uAw,49,1ESwcSQakENn8PnPesqpvRimPS4UQYAayZ,0.1625577062368393,0.1785339117050171,-0.015976205468177795,0.015976205468177795,False,False,False,False,True
1,7437,12ccSQ7vJZTXgQRkyVwTQGhFKaiqK14uAw,49,1ETyev2YxXFRRrF3Sb3y4JYKtEE3ftL293,0.1625577062368393,0.18010547757148743,-0.017547771334648132,0.017547771334648132,False,False,False,False,True
1,7437,12ccSQ7vJZTXgQRkyVwTQGhFKaiqK14uAw,49,1EaF8hf8gWgcACjej4LbKyw4EKCramQmiR,0.1625577062368393,0.18107610940933228,-0.01851840317249298,0.01851840317249298,False,False,False,False,True
1,7437,12ccSQ7vJZTXgQRkyVwTQGhFKaiqK14uAw,49,1GBVyC4n7ytZJicQjKB7oTD9HmyVvaK5xF,0.1625577062368393,0.1784278303384781,-0.015870124101638794,0.015870124101638794,False,False,False,False,True
1,7437,12ccSQ7vJZTXgQRkyVwTQGhFKaiqK14uAw,49,1HsfFANHq8KHV3kujDJLThowAT6VkUGunQ,0.1625577062368393,0.18273451924324036,-0.020176813006401062,0.020176813006401062,False,False,False,False,True
1,7437,12ccSQ7vJZTXgQRkyVwTQGhFKaiqK14uAw,49,1gve4i2TZGTbiKuSTRoGxceyaT6XBxPGg,0.1625577062368393,0.1827000081539154,-0.02014230191707611,0.02014230191707611,False,False,False,False,True
1,7437,12ccSQ7vJZTXgQRkyVwTQGhFKaiqK14uAw,49,1nyfMgCoecGXCF9RTfVwGkGZYN9V4jCoh,0.1625577062368393,0.1858239471912384,-0.02326624095439911,0.02326624095439911,False,False,False,False,True
1,7437,12ccSQ7vJZTXgQRkyVwTQGhFKaiqK14uAw,49,39sfuA8pY4UfybgEZi7uvA13jkGzZpsg5K,0.1625577062368393,0.11053860187530518,0.05201910436153412,0.05201910436153412,False,False,False,True,False
1,8614,12j3zc9YSxnRfnQ4iZBvW9zEDv2hqXyD8s,42,12cgpFdJViXbwHbhrA3TuW1EGnL25Zqc3P,0.978352427482605,0.9505428075790405,0.027809619903564453,0.027809619903564453,True,True,False,True,False
1,12115,1347PE3ZDokSsE2Ws1ZvtftPXCuR4NjJsQ,48,12gF9EAmod9AynTNtQGVtdF9o7nxMSviYE,0.10314372926950455,0.13689318299293518,-0.033749453723430634,0.033749453723430634,False,False,False,False,True
1,12115,1347PE3ZDokSsE2Ws1ZvtftPXCuR4NjJsQ,48,14X9cD2o4UW5NgwGWG13FiwAMiMcmN4CS4,0.10314372926950455,0.12838095426559448,-0.025237224996089935,0.025237224996089935,False,False,False,False,True
1,14814,13JWuN6LG2PJvceiYm98vmMce5SudJbFBS,43,17A16QmavnUfCW11DAApiJxp7ARnxN5pGX,0.2366171032190323,0.3026089370250702,-0.0659918338060379,0.0659918338060379,False,False,False,False,True
1,14814,13JWuN6LG2PJvceiYm98vmMce5SudJbFBS,43,1D428KQ1afeNyjmjbj5WtgVsf2ZxjRPYWh,0.2366171032190323,0.15441285073757172,0.08220425248146057,0.08220425248146057,False,False,False,True,False
1,14814,13JWuN6LG2PJvceiYm98vmMce5SudJbFBS,43,1N52wHoVR79PMDishab2XmRHsbekCdGquK,0.2366171032190323,0.31703996658325195,-0.08042286336421967,0.08042286336421967,False,False,False,False,True
1,14814,13JWuN6LG2PJvceiYm98vmMce5SudJbFBS,43,1NS3TYf1EijKLwFeqQtUR9CTLQpkCMpxZx,0.2366171032190323,0.23718313872814178,-0.0005660355091094971,0.0005660355091094971,False,False,False,False,True
1,14814,13JWuN6LG2PJvceiYm98vmMce5SudJbFBS,43,1Q8QKMwnc4uSVWJrLrsXtjVtkpY5KS3vtj,0.2366171032190323,0.24004361033439636,-0.0034265071153640747,0.0034265071153640747,False,False,False,False,True
1,15780,13PmbNyNJSWYZaCFY9XAkLSgydDmpf9bdo,42,178FWZR2yXxSCL2V2coJZXF2zVVvh13fdQ,0.1867169886827469,0.24993844330310822,-0.06322145462036133,0.06322145462036133,False,False,False,False,True
1,16202,13Rzqhwyw5i79r1LWwRyQQceRoQMS1me1n,49,122cArGCaKzoAj7dsf7KH2tdhhejy23n7r,0.9483809471130371,0.9726462364196777,-0.024265289306640625,0.024265289306640625,True,True,False,False,True
1,16202,13Rzqhwyw5i79r1LWwRyQQceRoQMS1me1n,49,16FTZ3gTGqLZo5eV2zqkQwdn7oTsAnwTb4,0.9483809471130371,0.9295876026153564,0.018793344497680664,0.018793344497680664,True,False,True,True,False
1,16202,13Rzqhwyw5i79r1LWwRyQQceRoQMS1me1n,49,1KEz8TcfKPeq8qA3dPhFmTQx2umyh2yRDa,0.9483809471130371,0.9513317346572876,-0.0029507875442504883,0.0029507875442504883,True,True,False,False,True
1,16276,13SU1RUHwiYYhHL1K6PXrj69KhxuEE6Bw2,49,1959snj1ovEnJP6ce9Aav2RuxDhZQEoCyh,0.24671122431755066,0.01248703058809042,0.23422419372946024,0.23422419372946024,False,False,False,True,False
1,22563,141Zu4pHzkYZefE2audb1FU1gRkJ1TNKT6,42,122njJc1zCSPDHcFVWSQdT3ogzcxjR6Lop,0.6287474036216736,0.6002021431922913,0.028545260429382324,0.028545260429382324,False,False,False,True,False
1,22563,141Zu4pHzkYZefE2audb1FU1gRkJ1TNKT6,42,12cgpFdJViXbwHbhrA3TuW1EGnL25Zqc3P,0.6287474036216736,0.6397029757499695,-0.010955572128295898,0.010955572128295898,False,False,False,False,True
1,22563,141Zu4pHzkYZefE2audb1FU1gRkJ1TNKT6,42,13dB5rpANbJjznNF7zDL7jFGzznc3SK3aU,0.6287474036216736,0.6168931722640991,0.011854231357574463,0.011854231357574463,False,False,False,True,False
1,22563,141Zu4pHzkYZefE2audb1FU1gRkJ1TNKT6,42,13vHWR3iLsHeYwT42RnuKYNBoVPrKKZgRv,0.6287474036216736,0.6351048946380615,-0.0063574910163879395,0.0063574910163879395,False,False,False,False,True
1,22563,141Zu4pHzkYZefE2audb1FU1gRkJ1TNKT6,42,14MwKXt77b5HiVmXXwbDjaV3UTDwUgQuZ9,0.6287474036216736,0.6097504496574402,0.0189969539642334,0.0189969539642334,False,False,False,True,False
1,22563,141Zu4pHzkYZefE2audb1FU1gRkJ1TNKT6,42,15jeVC5uRRTDxqXPMV8fwqCN4mmkHS6F4y,0.6287474036216736,0.6622028350830078,-0.03345543146133423,0.03345543146133423,False,False,False,False,True
1,22563,141Zu4pHzkYZefE2audb1FU1gRkJ1TNKT6,42,17A16QmavnUfCW11DAApiJxp7ARnxN5pGX,0.6287474036216736,0.663098931312561,-0.03435152769088745,0.03435152769088745,False,False,False,False,True
1,22563,141Zu4pHzkYZefE2audb1FU1gRkJ1TNKT6,42,17my9ExMmuyCBGSpC42jW7K1KPbCMEBnaL,0.6287474036216736,0.5603770017623901,0.06837040185928345,0.06837040185928345,False,False,False,True,False
1,22563,141Zu4pHzkYZefE2audb1FU1gRkJ1TNKT6,42,1N52wHoVR79PMDishab2XmRHsbekCdGquK,0.6287474036216736,0.6362831592559814,-0.007535755634307861,0.007535755634307861,False,False,False,False,True
1,24386,14BQ4Eq3ZZFFfFmKiuasmhtvWudUP6TiS4,49,3CXr8guRrcA8g9z9rqck87e7nv49KkKMKy,0.9896631836891174,0.9746717810630798,0.014991402626037598,0.014991402626037598,True,True,False,True,False
1,25128,14FLkudvztaUJzCatbPJi3WLigZLcYvs5H,44,3MMCb1DofhUKEpf4aGGs4rDj9QJs1HCrEJ,0.9888083338737488,0.9963733553886414,-0.007565021514892578,0.007565021514892578,True,True,False,False,True
1,27749,14VRpuLS5CwmSAn58oQAxoTWqxxpuTdcuU,49,187d6gWrsbnbigNN7KJVt5myqjtFjnF9hv,0.7431687116622925,0.7218949794769287,0.02127373218536377,0.02127373218536377,False,False,False,True,False
1,28246,14YG9rrGghL77Ro7XcB3R9SjAvJMQpA8cZ,49,38DgnT18UXQQVc4cgA9dtixybt4BPVuc1C,0.981055498123169,0.9961728453636169,-0.015117347240447998,0.015117347240447998,True,True,False,False,True
1,34673,158V6NJbeV4LJWv1h9ajFJSiCmPav8dd1z,49,38DgnT18UXQQVc4cgA9dtixybt4BPVuc1C,0.9809818267822266,0.9961658716201782,-0.01518404483795166,0.01518404483795166,True,True,False,False,True
1,35991,15FkN73MjCXkfWnyWWw6phiTpwrUMRYXqF,49,17mqVbK2EuEbq3qUJbG84aB6MiYcDMSdXD,0.3551219403743744,0.36770305037498474,-0.012581110000610352,0.012581110000610352,False,False,False,False,True
1,35991,15FkN73MjCXkfWnyWWw6phiTpwrUMRYXqF,49,187P8BBqdHJXyjmgSK6YTTfkgYWJG7NFMY,0.3551219403743744,0.42936471104621887,-0.07424277067184448,0.07424277067184448,False,False,False,False,True
1,35991,15FkN73MjCXkfWnyWWw6phiTpwrUMRYXqF,49,1AxcwffUwfdsbj5J3yHDYZr6rRLXw9Tb75,0.3551219403743744,0.38856878876686096,-0.03344684839248657,0.03344684839248657,False,False,False,False,True
1,35991,15FkN73MjCXkfWnyWWw6phiTpwrUMRYXqF,49,1K569MWDfdKuDb8iP8EPkFMCJ2FSf1kduk,0.3551219403743744,0.41886845231056213,-0.06374651193618774,0.06374651193618774,False,False,False,False,True
1,36576,15JyCy3oTCbUyS5vCkYSwNZ5RJTfSHJAdF,49,38DgnT18UXQQVc4cgA9dtixybt4BPVuc1C,0.9783583879470825,0.9957669973373413,-0.01740860939025879,0.01740860939025879,True,True,False,False,True
1,42956,15uepg7WpadtMYxc8Lzd1cyKKjLsZ4qhco,49,187P8BBqdHJXyjmgSK6YTTfkgYWJG7NFMY,0.058365348726511,0.06367209553718567,-0.005306746810674667,0.005306746810674667,False,False,False,False,True
1,42956,15uepg7WpadtMYxc8Lzd1cyKKjLsZ4qhco,49,1K569MWDfdKuDb8iP8EPkFMCJ2FSf1kduk,0.058365348726511,0.08451320976018906,-0.026147861033678055,0.026147861033678055,False,False,False,False,True
1,43732,15ymZ1HC2WuUc2T9rXjjjbFUrpWf213fkR,43,12ftmJ5cExVeMzQYyEVQULBSFamLV7hZRK,0.0036898718681186438,0.0032665799371898174,0.00042329193092882633,0.00042329193092882633,False,False,False,True,False
1,43732,15ymZ1HC2WuUc2T9rXjjjbFUrpWf213fkR,43,1N52wHoVR79PMDishab2XmRHsbekCdGquK,0.0036898718681186438,0.0051172892563045025,-0.0014274173881858587,0.0014274173881858587,False,False,False,False,True
1,46633,16FTZ3gTGqLZo5eV2zqkQwdn7oTsAnwTb4,48,1576YHZPqi9tjaPwZP5EMwsUhMRUU1MjP3,0.5509276986122131,0.5300569534301758,0.020870745182037354,0.020870745182037354,False,False,False,True,False
1,46633,16FTZ3gTGqLZo5eV2zqkQwdn7oTsAnwTb4,48,18JMGJhnFQsHRYHECnywjG3NPpgRmVjRxH,0.5509276986122131,0.658871054649353,-0.10794335603713989,0.10794335603713989,False,False,False,False,True
1,46634,16FTZ3gTGqLZo5eV2zqkQwdn7oTsAnwTb4,49,1576YHZPqi9tjaPwZP5EMwsUhMRUU1MjP3,0.5637139081954956,0.5491123795509338,0.014601528644561768,0.014601528644561768,False,False,False,True,False
1,46634,16FTZ3gTGqLZo5eV2zqkQwdn7oTsAnwTb4,49,17mqVbK2EuEbq3qUJbG84aB6MiYcDMSdXD,0.5637139081954956,0.5892305374145508,-0.025516629219055176,0.025516629219055176,False,False,False,False,True
1,46634,16FTZ3gTGqLZo5eV2zqkQwdn7oTsAnwTb4,49,18JMGJhnFQsHRYHECnywjG3NPpgRmVjRxH,0.5637139081954956,0.633658766746521,-0.06994485855102539,0.06994485855102539,False,False,False,False,True
1,46634,16FTZ3gTGqLZo5eV2zqkQwdn7oTsAnwTb4,49,19WofTajxscPym7mQvFmg7gMqcGvDk6Vf6,0.5637139081954956,0.5850686430931091,-0.021354734897613525,0.021354734897613525,False,False,False,False,True
1,46634,16FTZ3gTGqLZo5eV2zqkQwdn7oTsAnwTb4,49,1AxcwffUwfdsbj5J3yHDYZr6rRLXw9Tb75,0.5637139081954956,0.5913341045379639,-0.02762019634246826,0.02762019634246826,False,False,False,False,True
1,46634,16FTZ3gTGqLZo5eV2zqkQwdn7oTsAnwTb4,49,1N4sMnEDftDJayKBvQ5T6ktAwu4W2B5jAH,0.5637139081954956,0.5840391516685486,-0.02032524347305298,0.02032524347305298,False,False,False,False,True
1,46637,16FUM9sZXp8wbxH6Mx8MvH8biFsjqFtEr5,44,15ymZ1HC2WuUc2T9rXjjjbFUrpWf213fkR,0.12207663059234619,0.27229735255241394,-0.15022072196006775,0.15022072196006775,False,False,False,False,True
1,47909,16NJsCU5xeb2MtpYDUp7MNRiMm4wGgXFJR,49,3CXr8guRrcA8g9z9rqck87e7nv49KkKMKy,0.9900270104408264,0.9802035093307495,0.009823501110076904,0.009823501110076904,True,True,False,True,False
1,50591,16cg3wqcDyjdUgbaHWPQT2DLF3RMgZzLZY,46,3BgGDrAfviBztVooGNqW5Eqjj8hmkEwfYc,0.835176944732666,0.13202254474163055,0.7031543999910355,0.7031543999910355,False,False,False,True,False
1,51522,16hW5gxPje2LJXM8V5YUpgpyq87cZicSop,49,3CXr8guRrcA8g9z9rqck87e7nv49KkKMKy,0.9916651844978333,0.9909166693687439,0.0007485151290893555,0.0007485151290893555,True,True,False,True,False
1,52144,16kniBtbBYcawLuKBT9a6J6dBUD28obrAi,46,3BgGDrAfviBztVooGNqW5Eqjj8hmkEwfYc,0.8829187750816345,0.17795123159885406,0.7049675434827805,0.7049675434827805,False,False,False,True,False
1,53325,16rkthP97SsnbXmqvEjMBjPrnM3K7FTGzb,46,38BoHtepsEZyWoCRKKyAe9gKW8wp3aPouM,0.6638036966323853,0.1341162919998169,0.5296874046325684,0.5296874046325684,False,False,False,True,False
1,53436,16sFp53Qz64WUBNSMa9QYCgQNrqZFVRV83,49,1JxfosgwwcUUkWKZLU2JvYjQqBwg3TKrea,0.9903227686882019,0.9355722069740295,0.05475056171417236,0.05475056171417236,True,False,True,True,False
1,53462,16sNAkMaMgYuiEhZcPJPdadG25KxAX1gb6,49,1CjStQKYUZ8cSMk3iJf1eWWe6vLJRgj2TY,0.23404163122177124,0.005087593104690313,0.22895403811708093,0.22895403811708093,False,False,False,True,False
1,56301,178FWZR2yXxSCL2V2coJZXF2zVVvh13fdQ,42,1BksLjirFRrV4hCpnC5e5yRLbodMaaTJTq,0.9716772437095642,0.9665772914886475,0.005099952220916748,0.005099952220916748,True,True,False,True,False
1,56301,178FWZR2yXxSCL2V2coJZXF2zVVvh13fdQ,42,1PkwBdVLvG41LF6FFHueBifKBf7J259Xav,0.9716772437095642,0.9737009406089783,-0.0020236968994140625,0.0020236968994140625,True,True,False,False,True
1,57874,17GEHLcmzYkf1SamSzWU671BJCY8gWiwv,49,3CXr8guRrcA8g9z9rqck87e7nv49KkKMKy,0.9896631836891174,0.9746717810630798,0.014991402626037598,0.014991402626037598,True,True,False,True,False
1,60746,17YBkTD8i7iF8RHva2e34zKSynmVGeKvxW,45,16tcubW3EVHnrVER133eDZwB7oiiAQPFF2,0.15897296369075775,0.2611420452594757,-0.10216908156871796,0.10216908156871796,False,False,False,False,True
1,60746,17YBkTD8i7iF8RHva2e34zKSynmVGeKvxW,45,1NrpXy6x8SZAWfLGZ2nnDZZuGsj59BKxtz,0.15897296369075775,0.17365114390850067,-0.01467818021774292,0.01467818021774292,False,False,False,False,True
1,61025,17ZtcSGZy4PMRNMm3SVdRx5AeASmvF2ke,44,1BVXAddKjbphVK5xXKeYcyorTPDgDBQHTu,0.4214877188205719,0.7892497181892395,-0.3677619993686676,0.3677619993686676,False,False,False,False,True
1,61025,17ZtcSGZy4PMRNMm3SVdRx5AeASmvF2ke,44,1BxjUjgLy1y9APYWsiDRuZLBjrENJoovxG,0.4214877188205719,0.1036977618932724,0.3177899569272995,0.3177899569272995,False,False,False,True,False
1,63361,17mqVbK2EuEbq3qUJbG84aB6MiYcDMSdXD,48,16FTZ3gTGqLZo5eV2zqkQwdn7oTsAnwTb4,0.9576554894447327,0.9684336185455322,-0.01077812910079956,0.01077812910079956,True,True,False,False,True
1,64582,17t2aobkDfSwizz1hvGG9zgHSXZBBdVJAN,42,36524udg8AAiKhXr8ukwFzyWoZ2PCBDq17,0.15511539578437805,0.20973646640777588,-0.05462107062339783,0.05462107062339783,False,False,False,False,True
1,65871,1816RaasK5ALaRreqiDu71V24NAexYGAaL,42,1C8hkWXwqfzQAcfRW7yR7z8wjyTg4P9hfA,0.11102111637592316,0.13192801177501678,-0.020906895399093628,0.020906895399093628,False,False,False,False,True
1,67019,187P8BBqdHJXyjmgSK6YTTfkgYWJG7NFMY,48,12pkJ4BgY4ZxMDvYPP7VXSHajzwUjtaZY4,0.6567416191101074,0.9017443060874939,-0.24500268697738647,0.24500268697738647,False,False,False,False,True
1,67065,187d6gWrsbnbigNN7KJVt5myqjtFjnF9hv,49,14LiwZ3LeVVq7oBrSJ7wzkrX9Lfc23sx1C,0.48875001072883606,0.5184347033500671,-0.02968469262123108,0.02968469262123108,False,False,False,False,True
1,67065,187d6gWrsbnbigNN7KJVt5myqjtFjnF9hv,49,17bggHMnBwxrULt778XA4U4X3ThaxvW4Rv,0.48875001072883606,0.2688131332397461,0.21993687748908997,0.21993687748908997,False,False,False,True,False
1,67065,187d6gWrsbnbigNN7KJVt5myqjtFjnF9hv,49,19boad6B5Wv24K95Nu2ZyvYE9vi5SU2Yj5,0.48875001072883606,0.5009199380874634,-0.01216992735862732,0.01216992735862732,False,False,False,False,True
1,67065,187d6gWrsbnbigNN7KJVt5myqjtFjnF9hv,49,1Kw1NpZ1NCWgsjPKjjiH2fyQURL6dKMgFn,0.48875001072883606,0.5625663995742798,-0.07381638884544373,0.07381638884544373,False,False,False,False,True
1,67303,188oP5jZot7JF4fZsK9V1L1Kq4YCdDuZCe,49,15uepg7WpadtMYxc8Lzd1cyKKjLsZ4qhco,0.9883467555046082,0.9899431467056274,-0.0015963912010192871,0.0015963912010192871,True,True,False,False,True
1,67303,188oP5jZot7JF4fZsK9V1L1Kq4YCdDuZCe,49,16FTZ3gTGqLZo5eV2zqkQwdn7oTsAnwTb4,0.9883467555046082,0.9876983761787415,0.0006483793258666992,0.0006483793258666992,True,True,False,True,False
1,68889,18H2NS8ngY6iDSJnKkG2qmMhkZUTUk1G3L,46,3BgGDrAfviBztVooGNqW5Eqjj8hmkEwfYc,0.835176944732666,0.13202254474163055,0.7031543999910355,0.7031543999910355,False,False,False,True,False
1,70238,18QUa57MjVrZ13Y2vQvCpayG9qaRMXR66H,49,17mqVbK2EuEbq3qUJbG84aB6MiYcDMSdXD,0.11130136996507645,0.1085442528128624,0.0027571171522140503,0.0027571171522140503,False,False,False,True,False
1,70238,18QUa57MjVrZ13Y2vQvCpayG9qaRMXR66H,49,1AxcwffUwfdsbj5J3yHDYZr6rRLXw9Tb75,0.11130136996507645,0.20312343537807465,-0.0918220654129982,0.0918220654129982,False,False,False,False,True
1,71999,18ZfGYxQ9kLFVps2v76tX6JksZnAMWWusr,49,1DDmgYSiSA5VckjXxDNMi1DxWZfuHt1gVg,0.8464570045471191,0.1417233794927597,0.7047336250543594,0.7047336250543594,False,False,False,True,False
1,71999,18ZfGYxQ9kLFVps2v76tX6JksZnAMWWusr,49,1Maa1F57e1VLEgActwP6ZjGmLTaFkqyREr,0.8464570045471191,0.7065923810005188,0.13986462354660034,0.13986462354660034,False,False,False,True,False
1,72192,18aXA5T5BEPgpqQ38rSgShRq7ghT5S9tvz,47,394H6wHnsdBxQqFSLLPzeTJ7kmLeKTvcRY,0.570704460144043,0.1778709590435028,0.39283350110054016,0.39283350110054016,False,False,False,True,False
1,74219,18mKBWckBim8qSDre1e6YQjxNN8KkCJfVU,42,1ET5rCodBrECBVHuhsDciTifSzGdxCNrty,0.9590414762496948,0.9546993374824524,0.004342138767242432,0.004342138767242432,True,True,False,True,False
1,74219,18mKBWckBim8qSDre1e6YQjxNN8KkCJfVU,42,1KkSDKg3YmvHrYFTx12akk8f2uvje4WFaA,0.9590414762496948,0.9573206901550293,0.0017207860946655273,0.0017207860946655273,True,True,False,True,False
1,74219,18mKBWckBim8qSDre1e6YQjxNN8KkCJfVU,42,1purUJS3HGsuRe6cBaA1ULH1sdvv6e9K9,0.9590414762496948,0.9593742489814758,-0.00033277273178100586,0.00033277273178100586,True,True,False,False,True
1,75813,18ugKF91J4Ya4NHw1okSwJsBoYKVtfwvLw,44,3MMCb1DofhUKEpf4aGGs4rDj9QJs1HCrEJ,0.9888083338737488,0.9963733553886414,-0.007565021514892578,0.007565021514892578,True,True,False,False,True
1,75822,18uieCYizT2zrg1zgivdrgUnUc4Y5EPUJZ,46,3BgGDrAfviBztVooGNqW5Eqjj8hmkEwfYc,0.8878133893013,0.18519023060798645,0.7026231586933136,0.7026231586933136,False,False,False,True,False
1,77483,194GQBPLaCoSpY2UKx9i293iZjAbuuNMKT,49,14JT8RJJNh1ffMoJjjKKAYeM7N8jaP48UR,0.10699949413537979,0.18576917052268982,-0.07876967638731003,0.07876967638731003,False,False,False,False,True
1,77483,194GQBPLaCoSpY2UKx9i293iZjAbuuNMKT,49,31jz9j3EoVLXaZ16SLZr9dVuBMa7vqnj6H,0.10699949413537979,0.10225512832403183,0.004744365811347961,0.004744365811347961,False,False,False,True,False
1,77647,1959snj1ovEnJP6ce9Aav2RuxDhZQEoCyh,49,187P8BBqdHJXyjmgSK6YTTfkgYWJG7NFMY,0.06256960332393646,0.06940174102783203,-0.006832137703895569,0.006832137703895569,False,False,False,False,True
1,77647,1959snj1ovEnJP6ce9Aav2RuxDhZQEoCyh,49,1K569MWDfdKuDb8iP8EPkFMCJ2FSf1kduk,0.06256960332393646,0.09203112870454788,-0.02946152538061142,0.02946152538061142,False,False,False,False,True
1,80391,19KrfeB3cGAYTzxpwq2r65cmEMwzXqiip6,49,38DgnT18UXQQVc4cgA9dtixybt4BPVuc1C,0.9783583879470825,0.9957669973373413,-0.01740860939025879,0.01740860939025879,True,True,False,False,True
1,82447,19WofTajxscPym7mQvFmg7gMqcGvDk6Vf6,48,1347PE3ZDokSsE2Ws1ZvtftPXCuR4NjJsQ,0.8995159864425659,0.9506530165672302,-0.05113703012466431,0.05113703012466431,False,True,True,False,True
1,82447,19WofTajxscPym7mQvFmg7gMqcGvDk6Vf6,48,16FTZ3gTGqLZo5eV2zqkQwdn7oTsAnwTb4,0.8995159864425659,0.8486804366111755,0.05083554983139038,0.05083554983139038,False,False,False,True,False
1,83136,19aWTH3LqD4hhAVXigszeKnZ33dXcoiLKS,42,36524udg8AAiKhXr8ukwFzyWoZ2PCBDq17,0.16336369514465332,0.19670310616493225,-0.03333941102027893,0.03333941102027893,False,False,False,False,True
1,85059,19kiYrzGLdgrvzJbudyre3mEhePgazuYkv,47,1Dym1yThrVo5T1Q7bzgu8ekQBYEma2ftge,0.2431676834821701,0.5155200362205505,-0.27235235273838043,0.27235235273838043,False,False,False,False,True
1,87658,19zaH94k9dVuA4sgtobYTvLUVFECTjF4q1,49,187d6gWrsbnbigNN7KJVt5myqjtFjnF9hv,0.9853590726852417,0.7732281684875488,0.21213090419769287,0.21213090419769287,True,False,True,True,False
1,88076,1A2f5HUDRPvLASRRavZ4chZU8thgSw6Kym,48,1HfEepHZagyXjPEg71A7VTA8QHX28fJHD7,0.5826507210731506,0.9107192754745483,-0.3280685544013977,0.3280685544013977,False,False,False,False,True
1,88309,1A3o3eL6tSqNCBrFdETAed7FQGWghuqVwJ,49,1JNchFeujbm786astAzpeRAVM1igPUMwYx,0.19415020942687988,0.13521535694599152,0.05893485248088837,0.05893485248088837,False,False,False,True,False
1,88904,1A6bLvLoVZ43FSYxerGLhTx81VSh48LA8W,49,187P8BBqdHJXyjmgSK6YTTfkgYWJG7NFMY,0.02137087844312191,0.042376864701509476,-0.021005986258387566,0.021005986258387566,False,False,False,False,True
1,88904,1A6bLvLoVZ43FSYxerGLhTx81VSh48LA8W,49,1K569MWDfdKuDb8iP8EPkFMCJ2FSf1kduk,0.02137087844312191,0.0378098338842392,-0.016438955441117287,0.016438955441117287,False,False,False,False,True
1,92176,1AQ2tmD39tpdYbCH4S9rC64eKf2fKkczqj,42,178FWZR2yXxSCL2V2coJZXF2zVVvh13fdQ,0.32643112540245056,0.6580333113670349,-0.33160218596458435,0.33160218596458435,False,False,False,False,True
1,94431,1Abk3mHubS8WTQ12xZ9UfMh1Y5BMFbzqgS,49,38DgnT18UXQQVc4cgA9dtixybt4BPVuc1C,0.981120765209198,0.9961788654327393,-0.01505810022354126,0.01505810022354126,True,True,False,False,True
1,94874,1Ae7dFZsct57hpAt2vGkYytKwEvSjEggQ8,42,1N52wHoVR79PMDishab2XmRHsbekCdGquK,0.8008846044540405,0.8985177874565125,-0.09763318300247192,0.09763318300247192,False,False,False,False,True
1,94949,1AeZKdDoFFRyZMUBrjn2hM4yqMg95twFuQ,43,1CCn9buMG1LhDNiHVCfnb6biiYhdcYSfyr,0.3121379315853119,0.7390605807304382,-0.42692264914512634,0.42692264914512634,False,False,False,False,True
1,95425,1AgwMakJ3R4m8VzW2VtmbGLRVwUvP4JFEJ,42,3CD1QW6fjgTwKq3Pj97nty28WZAVkziNom,0.3761567175388336,0.9810153245925903,-0.6048586070537567,0.6048586070537567,False,True,True,False,True
1,96766,1ApRXXStFPJG4jUdEc3dd7z3Dm8ESAA1TH,49,15uepg7WpadtMYxc8Lzd1cyKKjLsZ4qhco,0.34535694122314453,0.690197229385376,-0.34484028816223145,0.34484028816223145,False,False,False,False,True
1,96766,1ApRXXStFPJG4jUdEc3dd7z3Dm8ESAA1TH,49,16FTZ3gTGqLZo5eV2zqkQwdn7oTsAnwTb4,0.34535694122314453,0.27745315432548523,0.0679037868976593,0.0679037868976593,False,False,False,True,False
1,97161,1ArZy65Qc6thvrYDvxSFNfq9oWG8BVzuaA,49,3CXr8guRrcA8g9z9rqck87e7nv49KkKMKy,0.9896631836891174,0.9746717810630798,0.014991402626037598,0.014991402626037598,True,True,False,True,False
1,97629,1AtsM6CEXtPKyYAEr6r7MnVeUafPz93hc7,42,1C8hkWXwqfzQAcfRW7yR7z8wjyTg4P9hfA,0.1490984708070755,0.4499051868915558,-0.3008067160844803,0.3008067160844803,False,False,False,False,True
1,97729,1AuX1dLiiZWMETjeHBngRfixCPvLrQeVZp,47,1Dym1yThrVo5T1Q7bzgu8ekQBYEma2ftge,0.5916681885719299,0.9367684721946716,-0.3451002836227417,0.3451002836227417,False,False,False,False,True
1,98163,1AwwvFMqrdtMr5X7uETGfRSw7qJrSVqoHk,49,3CXr8guRrcA8g9z9rqck87e7nv49KkKMKy,0.9896631836891174,0.9746717810630798,0.014991402626037598,0.014991402626037598,True,True,False,True,False
1,98290,1AxcwffUwfdsbj5J3yHDYZr6rRLXw9Tb75,48,16FTZ3gTGqLZo5eV2zqkQwdn7oTsAnwTb4,0.6449860334396362,0.017760522663593292,0.6272255107760429,0.6272255107760429,False,False,False,True,False
1,99548,1B56fVVmMokU9zMqArXa4A2269CMNTTk8c,42,1C8hkWXwqfzQAcfRW7yR7z8wjyTg4P9hfA,0.5189635753631592,0.7939210534095764,-0.27495747804641724,0.27495747804641724,False,False,False,False,True
1,100777,1BBLwrZpbAvYX5HZbwxVFGMQL9vVQrMpxk,48,1FvtWwP3ePJDeR6K7ZePGujUuusUTds8Vy,0.7164689302444458,0.7206745147705078,-0.004205584526062012,0.004205584526062012,False,False,False,False,True
1,102320,1BKZFEHbb7kShbczAq4JV4nRVwWTxmN69D,44,3MMCb1DofhUKEpf4aGGs4rDj9QJs1HCrEJ,0.988353431224823,0.995294988155365,-0.006941556930541992,0.006941556930541992,True,True,False,False,True
1,102444,1BLD5bqumFLPyrb319K62bQt17rfHsGRQw,42,36524udg8AAiKhXr8ukwFzyWoZ2PCBDq17,0.16062164306640625,0.2020256519317627,-0.041404008865356445,0.041404008865356445,False,False,False,False,True
1,102927,1BNq66S84nVxguSQUccZZicXJSuh5SNAfX,42,36524udg8AAiKhXr8ukwFzyWoZ2PCBDq17,0.2914885878562927,0.2098289281129837,0.08165965974330902,0.08165965974330902,False,False,False,True,False
1,104074,1BUAQKrvuXrpKCm2KgSyRxStisCZ6U9WDq,42,1C8hkWXwqfzQAcfRW7yR7z8wjyTg4P9hfA,0.28034573793411255,0.7273138165473938,-0.44696807861328125,0.44696807861328125,False,False,False,False,True
1,107771,1Bo7wwQPjjJBtYxK7QcqsShv1NRmCU34Z1,49,15FkN73MjCXkfWnyWWw6phiTpwrUMRYXqF,0.2784455716609955,0.2720596492290497,0.006385922431945801,0.006385922431945801,False,False,False,True,False
1,107771,1Bo7wwQPjjJBtYxK7QcqsShv1NRmCU34Z1,49,18QUa57MjVrZ13Y2vQvCpayG9qaRMXR66H,0.2784455716609955,0.454009473323822,-0.17556390166282654,0.17556390166282654,False,False,False,False,True
1,107862,1BofXwwe69BpvaEudU7LYGv2yQ76iomw8N,43,1JHBUqaCHZpMpUeFGxBDsQ2vE1By7t5vYD,0.8584386110305786,0.7644866704940796,0.09395194053649902,0.09395194053649902,False,False,False,True,False
1,109044,1BueSoqEcvWHPeJojNhQiLJK3L1o8Rkciq,44,3MMCb1DofhUKEpf4aGGs4rDj9QJs1HCrEJ,0.98876953125,0.9964268803596497,-0.007657349109649658,0.007657349109649658,True,True,False,False,True
1,109748,1ByGU4u9nTVpFJQeqnnxWKWvqUbZoHfbj3,49,122cArGCaKzoAj7dsf7KH2tdhhejy23n7r,0.06798262894153595,0.289933443069458,-0.22195081412792206,0.22195081412792206,False,False,False,False,True
1,109748,1ByGU4u9nTVpFJQeqnnxWKWvqUbZoHfbj3,49,16FTZ3gTGqLZo5eV2zqkQwdn7oTsAnwTb4,0.06798262894153595,0.048028070479631424,0.019954558461904526,0.019954558461904526,False,False,False,True,False
1,109748,1ByGU4u9nTVpFJQeqnnxWKWvqUbZoHfbj3,49,1KEz8TcfKPeq8qA3dPhFmTQx2umyh2yRDa,0.06798262894153595,0.08364997059106827,-0.015667341649532318,0.015667341649532318,False,False,False,False,True
1,111570,1C8hkWXwqfzQAcfRW7yR7z8wjyTg4P9hfA,42,1Hnm7hTr3WJsmGumZhnUNZGc5QnYpU3U73,0.8171482086181641,0.8805626630783081,-0.06341445446014404,0.06341445446014404,False,False,False,False,True
1,111571,1C8hkWXwqfzQAcfRW7yR7z8wjyTg4P9hfA,44,1816RaasK5ALaRreqiDu71V24NAexYGAaL,0.9078389406204224,0.9168881773948669,-0.00904923677444458,0.00904923677444458,False,False,False,False,True
1,111571,1C8hkWXwqfzQAcfRW7yR7z8wjyTg4P9hfA,44,1AtsM6CEXtPKyYAEr6r7MnVeUafPz93hc7,0.9078389406204224,0.9156515598297119,-0.00781261920928955,0.00781261920928955,False,False,False,False,True
1,111571,1C8hkWXwqfzQAcfRW7yR7z8wjyTg4P9hfA,44,1B56fVVmMokU9zMqArXa4A2269CMNTTk8c,0.9078389406204224,0.8930675983428955,0.014771342277526855,0.014771342277526855,False,False,False,True,False
1,111571,1C8hkWXwqfzQAcfRW7yR7z8wjyTg4P9hfA,44,1BUAQKrvuXrpKCm2KgSyRxStisCZ6U9WDq,0.9078389406204224,0.9096173644065857,-0.00177842378616333,0.00177842378616333,False,False,False,False,True
1,111571,1C8hkWXwqfzQAcfRW7yR7z8wjyTg4P9hfA,44,1Hnm7hTr3WJsmGumZhnUNZGc5QnYpU3U73,0.9078389406204224,0.9197508692741394,-0.011911928653717041,0.011911928653717041,False,False,False,False,True
1,111572,1C8hkWXwqfzQAcfRW7yR7z8wjyTg4P9hfA,45,1816RaasK5ALaRreqiDu71V24NAexYGAaL,0.9457322359085083,0.9511551260948181,-0.0054228901863098145,0.0054228901863098145,False,True,True,False,True
1,111572,1C8hkWXwqfzQAcfRW7yR7z8wjyTg4P9hfA,45,1AFvN1pPBDdHJnpH5K1Y32hLFx3pxm3wDU,0.9457322359085083,0.9408336281776428,0.0048986077308654785,0.0048986077308654785,False,False,False,True,False
1,111572,1C8hkWXwqfzQAcfRW7yR7z8wjyTg4P9hfA,45,1AtsM6CEXtPKyYAEr6r7MnVeUafPz93hc7,0.9457322359085083,0.9506114721298218,-0.0048792362213134766,0.0048792362213134766,False,True,True,False,True
1,111572,1C8hkWXwqfzQAcfRW7yR7z8wjyTg4P9hfA,45,1B56fVVmMokU9zMqArXa4A2269CMNTTk8c,0.9457322359085083,0.9395140409469604,0.0062181949615478516,0.0062181949615478516,False,False,False,True,False
1,111572,1C8hkWXwqfzQAcfRW7yR7z8wjyTg4P9hfA,45,1BUAQKrvuXrpKCm2KgSyRxStisCZ6U9WDq,0.9457322359085083,0.9477798342704773,-0.002047598361968994,0.002047598361968994,False,True,True,False,True
1,111572,1C8hkWXwqfzQAcfRW7yR7z8wjyTg4P9hfA,45,1Hnm7hTr3WJsmGumZhnUNZGc5QnYpU3U73,0.9457322359085083,0.955491304397583,-0.009759068489074707,0.009759068489074707,False,True,True,False,True
1,111572,1C8hkWXwqfzQAcfRW7yR7z8wjyTg4P9hfA,45,1KDEYRd4c9LN51npt5D5AP2EmhPycnxyVD,0.9457322359085083,0.9447137117385864,0.001018524169921875,0.001018524169921875,False,False,False,True,False
1,111572,1C8hkWXwqfzQAcfRW7yR7z8wjyTg4P9hfA,45,1PgM47u6C1L9HyovyM1tdThbZvWUiXrvJj,0.9457322359085083,0.9468839764595032,-0.001151740550994873,0.001151740550994873,False,True,True,False,True
1,112043,1CB7BkT9CxwZuk5EFj1nRCE55DbnSkLTNP,43,1N52wHoVR79PMDishab2XmRHsbekCdGquK,0.004254390951246023,0.00497292447835207,-0.0007185335271060467,0.0007185335271060467,False,False,False,False,True
1,112368,1CCn9buMG1LhDNiHVCfnb6biiYhdcYSfyr,43,1APHyhaXs4wJ5utxAht8W1i9HXnr1GBxfF,0.8502585291862488,0.9019793272018433,-0.05172079801559448,0.05172079801559448,False,False,False,False,True
1,112368,1CCn9buMG1LhDNiHVCfnb6biiYhdcYSfyr,43,1BFqMBaQB9PjWczRUYUAmifGkD2dEejRaL,0.8502585291862488,0.8081759214401245,0.04208260774612427,0.04208260774612427,False,False,False,True,False
1,112665,1CELBDDffDnnDDhg2Kh5p1fTYTA7C68UM9,42,1AnYHAJ1fh3L4BCpkhHCtsRq3wDzQsEBih,0.539265513420105,0.5475937128067017,-0.00832819938659668,0.00832819938659668,False,False,False,False,True
1,112665,1CELBDDffDnnDDhg2Kh5p1fTYTA7C68UM9,42,1G3QJPWEFiHwZjU5PK9SfNRge56vUTyn5S,0.539265513420105,0.6644577383995056,-0.12519222497940063,0.12519222497940063,False,False,False,False,True
1,115768,1CWzYbHpu13cqFwo2pFH52xt2uQy1kdcrc,46,3BgGDrAfviBztVooGNqW5Eqjj8hmkEwfYc,0.835176944732666,0.13202254474163055,0.7031543999910355,0.7031543999910355,False,False,False,True,False
1,118151,1CjStQKYUZ8cSMk3iJf1eWWe6vLJRgj2TY,49,19txq91QziDSYfr5M3WwETThk4WnSH9FXU,0.09911514818668365,0.11157392710447311,-0.01245877891778946,0.01245877891778946,False,False,False,False,True
1,118151,1CjStQKYUZ8cSMk3iJf1eWWe6vLJRgj2TY,49,1WSa32tv9Cx1CNFoN7cY4QwEXm1yvQ5w1,0.09911514818668365,0.13000263273715973,-0.030887484550476074,0.030887484550476074,False,False,False,False,True
1,126736,1DX6sFKGzHqXdr7onS2CRKN8GBtSSoAP6G,49,1CjStQKYUZ8cSMk3iJf1eWWe6vLJRgj2TY,0.8588553071022034,0.7450858950614929,0.11376941204071045,0.11376941204071045,False,False,False,True,False
1,129617,1DnZpRm9L813jhWxR2ZZwhrP386Yu2cvyF,43,1N52wHoVR79PMDishab2XmRHsbekCdGquK,0.013607125729322433,0.03362994268536568,-0.020022816956043243,0.020022816956043243,False,False,False,False,True
1,129617,1DnZpRm9L813jhWxR2ZZwhrP386Yu2cvyF,43,3CwFFLcNBe3jdpVMRbrQpnX6J2QdydYXDy,0.013607125729322433,0.012347707524895668,0.0012594182044267654,0.0012594182044267654,False,False,False,True,False
1,129618,1DnZpRm9L813jhWxR2ZZwhrP386Yu2cvyF,47,12ataMZU4pjkBEH9ZdnEV5ZaE3TDfbfimF,0.07621539384126663,0.07794492691755295,-0.001729533076286316,0.001729533076286316,False,False,False,False,True
1,129618,1DnZpRm9L813jhWxR2ZZwhrP386Yu2cvyF,47,13HzbgZ1KFn7RurqZQSZjuwQBegoamvx8u,0.07621539384126663,0.07768039405345917,-0.0014650002121925354,0.0014650002121925354,False,False,False,False,True
1,129618,1DnZpRm9L813jhWxR2ZZwhrP386Yu2cvyF,47,19DAFXU2ZSrW7dMCeybxaA86ayBYWqqpN7,0.07621539384126663,0.07970915734767914,-0.003493763506412506,0.003493763506412506,False,False,False,False,True
1,129618,1DnZpRm9L813jhWxR2ZZwhrP386Yu2cvyF,47,1BToiZSEp8GEQEX3h28TKY9pDsGxH8KsHr,0.07621539384126663,0.08367358148097992,-0.007458187639713287,0.007458187639713287,False,False,False,False,True
1,129618,1DnZpRm9L813jhWxR2ZZwhrP386Yu2cvyF,47,1DtWsQmEWh1LcJjR14TFPVBLVJFaVLnif1,0.07621539384126663,0.05960783734917641,0.016607556492090225,0.016607556492090225,False,False,False,True,False
1,129618,1DnZpRm9L813jhWxR2ZZwhrP386Yu2cvyF,47,1Jkvj5LwnqTXTLch2DUzt8RGq4CtAeJRRx,0.07621539384126663,0.07852096855640411,-0.0023055747151374817,0.0023055747151374817,False,False,False,False,True
1,129618,1DnZpRm9L813jhWxR2ZZwhrP386Yu2cvyF,47,1LbPfE9JkijxZpnF8cNpbhMzfrzH7MxoZf,0.07621539384126663,0.12892940640449524,-0.05271401256322861,0.05271401256322861,False,False,False,False,True
1,129618,1DnZpRm9L813jhWxR2ZZwhrP386Yu2cvyF,47,1N52wHoVR79PMDishab2XmRHsbekCdGquK,0.07621539384126663,0.1273188441991806,-0.05110345035791397,0.05110345035791397,False,False,False,False,True
1,129618,1DnZpRm9L813jhWxR2ZZwhrP386Yu2cvyF,47,1PMKFeJvug6qN4WYf8wyakqMtYRA66LWG4,0.07621539384126663,0.08276128023862839,-0.006545886397361755,0.006545886397361755,False,False,False,False,True
1,129618,1DnZpRm9L813jhWxR2ZZwhrP386Yu2cvyF,47,32kY47awqX6hvpxShEoxYJCLQiTcojEBwS,0.07621539384126663,0.0772654190659523,-0.001050025224685669,0.001050025224685669,False,False,False,False,True
1,129618,1DnZpRm9L813jhWxR2ZZwhrP386Yu2cvyF,47,3CwFFLcNBe3jdpVMRbrQpnX6J2QdydYXDy,0.07621539384126663,0.07258913666009903,0.0036262571811676025,0.0036262571811676025,False,False,False,True,False
1,129618,1DnZpRm9L813jhWxR2ZZwhrP386Yu2cvyF,47,3JkmAYtowYGPQPcMcJuSYSXTusej4iA1nF,0.07621539384126663,0.07609248906373978,0.00012290477752685547,0.00012290477752685547,False,False,False,True,False
1,134393,1EEXEHGqMmSk2hMpfnAqxgMftF7WDXKNmP,42,1BrT827NCgxjctnEBdLiuDzukupwWHP1i2,0.8754892349243164,0.9842187762260437,-0.1087295413017273,0.1087295413017273,False,True,True,False,True
1,135318,1EKMtbWSdRryfVqQM17BW2uDVBAwVQwCBr,44,1JPVo8Jo4CT8LoPmDibjeumAsmVkvzGh4N,0.03141376003623009,0.016963135451078415,0.014450624585151672,0.014450624585151672,False,False,False,True,False
1,139343,1Eh9o3nbXSucz5Hj6Sap1bjM47f55J2JUD,42,12PuJ9ixCUzDsT8MqFEkim5zdcrF6TAgjW,0.45004767179489136,0.4266429841518402,0.023404687643051147,0.023404687643051147,False,False,False,True,False
1,139343,1Eh9o3nbXSucz5Hj6Sap1bjM47f55J2JUD,42,13zjYgMuJVNqTwtNVNPgR1M8azQTtXxayw,0.45004767179489136,0.4781155586242676,-0.02806788682937622,0.02806788682937622,False,False,False,False,True
1,139343,1Eh9o3nbXSucz5Hj6Sap1bjM47f55J2JUD,42,14Xzu4GQegnhYVQ44Nt8Sd7sCrd2UC57cp,0.45004767179489136,0.43457669019699097,0.01547098159790039,0.01547098159790039,False,False,False,True,False
1,139343,1Eh9o3nbXSucz5Hj6Sap1bjM47f55J2JUD,42,153jshsURfH53nsuweYSoBLmYHVw5qRdVA,0.45004767179489136,0.4452192783355713,0.004828393459320068,0.004828393459320068,False,False,False,True,False
1,139343,1Eh9o3nbXSucz5Hj6Sap1bjM47f55J2JUD,42,15Kg2a1mapen6vAzCZbDfSzHWyoeVWyFFi,0.45004767179489136,0.4773504436016083,-0.02730277180671692,0.02730277180671692,False,False,False,False,True
1,139343,1Eh9o3nbXSucz5Hj6Sap1bjM47f55J2JUD,42,15ZD5wWYgMWXgMMdkBmhggehyF67y79QWD,0.45004767179489136,0.4548487961292267,-0.004801124334335327,0.004801124334335327,False,False,False,False,True
1,139343,1Eh9o3nbXSucz5Hj6Sap1bjM47f55J2JUD,42,18KSE7gyNCnqydZw5dzEyU9CNYBWQS9nCJ,0.45004767179489136,0.4577424228191376,-0.007694751024246216,0.007694751024246216,False,False,False,False,True
1,139343,1Eh9o3nbXSucz5Hj6Sap1bjM47f55J2JUD,42,18oMcnDMbP7XmhAdYxjoidju3ZCeLPxuLn,0.45004767179489136,0.175828218460083,0.27421945333480835,0.27421945333480835,False,False,False,True,False
1,139343,1Eh9o3nbXSucz5Hj6Sap1bjM47f55J2JUD,42,198jCtoeTwSjvwy8ECM8rp8VNB9RDwSecK,0.45004767179489136,0.4783632159233093,-0.02831554412841797,0.02831554412841797,False,False,False,False,True
1,139343,1Eh9o3nbXSucz5Hj6Sap1bjM47f55J2JUD,42,1D7yke3meXP4NYaRhTmXJMu8dzLD8dqDDD,0.45004767179489136,0.5026381611824036,-0.05259048938751221,0.05259048938751221,False,False,False,False,True
1,139343,1Eh9o3nbXSucz5Hj6Sap1bjM47f55J2JUD,42,1GmyXoUKLG2VYabNayKscVbCPwbjswaKMC,0.45004767179489136,0.08134274184703827,0.3687049299478531,0.3687049299478531,False,False,False,True,False
1,139343,1Eh9o3nbXSucz5Hj6Sap1bjM47f55J2JUD,42,1MCbcPAVCu4TE3i1kXkzXQsTCLZq6FL22W,0.45004767179489136,0.45110946893692017,-0.0010617971420288086,0.0010617971420288086,False,False,False,False,True
1,139343,1Eh9o3nbXSucz5Hj6Sap1bjM47f55J2JUD,42,1NPqgWPkLNZivw9ELpSv71XgKXXLY4tgT,0.45004767179489136,0.4552324712276459,-0.005184799432754517,0.005184799432754517,False,False,False,False,True
1,141018,1ErCUbPZuYwMDGrxMcFFfNSsfNefrtY7h2,42,1KD6iM6HxWc2UvY9ZK1vZEcQUidmoDxHFB,0.5686123371124268,0.4768926203250885,0.09171971678733826,0.09171971678733826,False,False,False,True,False
1,143697,1F66LQ2sLfAWG6Mh2GPxQ1QCxMwd2zvxF6,49,1JxfosgwwcUUkWKZLU2JvYjQqBwg3TKrea,0.3301793932914734,0.17525483667850494,0.15492455661296844,0.15492455661296844,False,False,False,True,False
1,143717,1F6AVPo9rnuMcvsArAR9AHBg2zMD24dZ4e,47,1ETa4q9o8sCpxsHJCUmupaq9iDCvC7adQf,0.23283502459526062,0.551040768623352,-0.31820574402809143,0.31820574402809143,False,False,False,False,True
1,144444,1F9xXer4M78q8MoZdXB6f1NCv7HyhFqQCV,44,3MMCb1DofhUKEpf4aGGs4rDj9QJs1HCrEJ,0.9888083338737488,0.9963733553886414,-0.007565021514892578,0.007565021514892578,True,True,False,False,True
1,148480,1FWzCrQUVz7Fawj1dG5HERbSXirK4bEZNM,49,1GZbccX3cJJbfRC8WuKW1sFiTQXj8MPYpQ,0.9912010431289673,0.5180421471595764,0.47315889596939087,0.47315889596939087,True,False,True,True,False
1,150306,1FgyzmYmJCJ8EfAh3BsWiB8gsgswXYWRZz,44,3MMCb1DofhUKEpf4aGGs4rDj9QJs1HCrEJ,0.9888110160827637,0.9963604807853699,-0.007549464702606201,0.007549464702606201,True,True,False,False,True
1,153653,1FzJ3CPAMqcZXtZ6oPGi459MwSiofrhfZX,49,3CXr8guRrcA8g9z9rqck87e7nv49KkKMKy,0.9903076887130737,0.9840531349182129,0.00625455379486084,0.00625455379486084,True,True,False,True,False
1,154707,1G61oKdshRzNzqzbo4bVuBcbvdUgduPYEk,47,18ZayqmKE8ThMMZzjwHH9pEC37oqfYDK16,0.8550276756286621,0.6548020839691162,0.2002255916595459,0.2002255916595459,False,False,False,True,False
1,155496,1G9yd12FTuBQTRuYWnZfhKSPX46K9M5ZoV,49,1GZbccX3cJJbfRC8WuKW1sFiTQXj8MPYpQ,0.5209252238273621,0.05023705214262009,0.470688171684742,0.470688171684742,False,False,False,True,False
1,156726,1GGWna3pYYMB6zKQGhpvvTy9PqExY1PB4T,46,38BoHtepsEZyWoCRKKyAe9gKW8wp3aPouM,0.6046624183654785,0.11615117639303207,0.48851124197244644,0.48851124197244644,False,False,False,True,False
1,158841,1GTbJgM8k5UCG1xigyqXEjCpLPQazYagr3,49,3CXr8guRrcA8g9z9rqck87e7nv49KkKMKy,0.9896631836891174,0.9746717810630798,0.014991402626037598,0.014991402626037598,True,True,False,True,False
1,159997,1GZbccX3cJJbfRC8WuKW1sFiTQXj8MPYpQ,49,17mqVbK2EuEbq3qUJbG84aB6MiYcDMSdXD,0.22206510603427887,0.22835658490657806,-0.006291478872299194,0.006291478872299194,False,False,False,False,True
1,159997,1GZbccX3cJJbfRC8WuKW1sFiTQXj8MPYpQ,49,1D35hXfShWo4BUBJ4WsK5ve8EAnLLH4g2e,0.22206510603427887,0.3410264849662781,-0.1189613789319992,0.1189613789319992,False,False,False,False,True
1,162928,1Gq9CWL9m8ouWT2KbEedzkCUTFWSj1iaBx,42,1N52wHoVR79PMDishab2XmRHsbekCdGquK,0.9475666880607605,0.9572325348854065,-0.009665846824645996,0.009665846824645996,True,True,False,False,True
1,163608,1GtsWFkZS5dhHn58GW3bDAnjdCC64KcnGm,49,1ASCBAxmagSnPiTNJCznnpysoeyS6nFBi9,0.7620061039924622,0.9463223218917847,-0.1843162178993225,0.1843162178993225,False,True,True,False,True
1,165429,1H4Fs4CYkcTA77pUb4sVgcSpK2UucdiPu9,42,1GA2gaaZsf5tksmyFBi6devLX9N4Ed39Zc,0.01050940714776516,0.009875467047095299,0.0006339401006698608,0.0006339401006698608,False,False,False,True,False
1,165429,1H4Fs4CYkcTA77pUb4sVgcSpK2UucdiPu9,42,1N52wHoVR79PMDishab2XmRHsbekCdGquK,0.01050940714776516,0.013255344703793526,-0.002745937556028366,0.002745937556028366,False,False,False,False,True
1,165429,1H4Fs4CYkcTA77pUb4sVgcSpK2UucdiPu9,42,3EXkaZTkkc6E8rqQntbaJGYdtHoprGGtj4,0.01050940714776516,0.013306334614753723,-0.0027969274669885635,0.0027969274669885635,False,False,False,False,True
1,168435,1HL6tSg5mUrXik5kdFBni4UTrAuPRps3P6,49,17mqVbK2EuEbq3qUJbG84aB6MiYcDMSdXD,0.10736415535211563,0.10491202771663666,0.0024521276354789734,0.0024521276354789734,False,False,False,True,False
1,168435,1HL6tSg5mUrXik5kdFBni4UTrAuPRps3P6,49,1AxcwffUwfdsbj5J3yHDYZr6rRLXw9Tb75,0.10736415535211563,0.19786730408668518,-0.09050314873456955,0.09050314873456955,False,False,False,False,True
1,173231,1Hmm1KKPDUnwzZjRLSRPtVtTYe2KrEE4U3,48,39sfuA8pY4UfybgEZi7uvA13jkGzZpsg5K,0.9042928814888,0.37108492851257324,0.5332079529762268,0.5332079529762268,False,False,False,True,False
1,176866,1J7Yb6aMNw1fWUMhqDApjrsLvX2mpLwBdU,49,15FkN73MjCXkfWnyWWw6phiTpwrUMRYXqF,0.9860545992851257,0.9868855476379395,-0.0008309483528137207,0.0008309483528137207,True,True,False,False,True
1,176866,1J7Yb6aMNw1fWUMhqDApjrsLvX2mpLwBdU,49,18QUa57MjVrZ13Y2vQvCpayG9qaRMXR66H,0.9860545992851257,0.9888052940368652,-0.002750694751739502,0.002750694751739502,True,True,False,False,True
1,177767,1JCRM3o11HL8nMYoryXsPJMGattUpVuEtm,49,3CXr8guRrcA8g9z9rqck87e7nv49KkKMKy,0.9901865720748901,0.9825162887573242,0.007670283317565918,0.007670283317565918,True,True,False,True,False
1,178656,1JHBUqaCHZpMpUeFGxBDsQ2vE1By7t5vYD,43,1FAv42GaDuQixSzEzSbx6aP1Kf4WVWpQUY,0.7093897461891174,0.9458221197128296,-0.23643237352371216,0.23643237352371216,False,False,False,False,True
1,179707,1JNchFeujbm786astAzpeRAVM1igPUMwYx,49,1MBH6uJKhjbjFoHY9UwTKs59SNzY2HerFa,0.20844659209251404,0.2320316880941391,-0.02358509600162506,0.02358509600162506,False,False,False,False,True
1,179707,1JNchFeujbm786astAzpeRAVM1igPUMwYx,49,1PXTsK9NoznnN2GoWG7gUfwYVWxBmQvYxu,0.20844659209251404,0.2855678200721741,-0.07712122797966003,0.07712122797966003,False,False,False,False,True
1,179885,1JPSCTLSvV4iyTmgHgXDCuG3njkHfn3Uq,49,3CXr8guRrcA8g9z9rqck87e7nv49KkKMKy,0.9896631836891174,0.9746717810630798,0.014991402626037598,0.014991402626037598,True,True,False,True,False
1,180653,1JTVuDxKtSDhW8HmP39eAmF9346fENasfk,42,1KD6iM6HxWc2UvY9ZK1vZEcQUidmoDxHFB,0.6325380802154541,0.9132586717605591,-0.280720591545105,0.280720591545105,False,False,False,False,True
1,185803,1Jvd1SSGwHnxa8QjWHSuxSVtCQNdk2Vsb5,42,17A16QmavnUfCW11DAApiJxp7ARnxN5pGX,0.9005672931671143,0.908149242401123,-0.007581949234008789,0.007581949234008789,False,False,False,False,True
1,186169,1JxfosgwwcUUkWKZLU2JvYjQqBwg3TKrea,49,187P8BBqdHJXyjmgSK6YTTfkgYWJG7NFMY,0.08968129754066467,0.10372189432382584,-0.014040596783161163,0.014040596783161163,False,False,False,False,True
1,186169,1JxfosgwwcUUkWKZLU2JvYjQqBwg3TKrea,49,1K569MWDfdKuDb8iP8EPkFMCJ2FSf1kduk,0.08968129754066467,0.13767656683921814,-0.04799526929855347,0.04799526929855347,False,False,False,False,True
1,187342,1K569MWDfdKuDb8iP8EPkFMCJ2FSf1kduk,48,12pkJ4BgY4ZxMDvYPP7VXSHajzwUjtaZY4,0.021397756412625313,0.0032738877926021814,0.01812386862002313,0.01812386862002313,False,False,False,True,False
1,188832,1KD6iM6HxWc2UvY9ZK1vZEcQUidmoDxHFB,42,15X1Pv4vNrcY9qtakYuQ1oziY3qKtzG8pv,0.8041597008705139,0.8072584867477417,-0.003098785877227783,0.003098785877227783,False,False,False,False,True
1,188832,1KD6iM6HxWc2UvY9ZK1vZEcQUidmoDxHFB,42,1Awqsuiy5Df6VMFvNq7SawDCGJWU4Rg3Ky,0.8041597008705139,0.8621715903282166,-0.05801188945770264,0.05801188945770264,False,False,False,False,True
1,189193,1KEz8TcfKPeq8qA3dPhFmTQx2umyh2yRDa,49,12BnHTsE9qQWBgSoG3LWGnokKJtS6A1CKE,0.058253128081560135,0.06607834994792938,-0.007825221866369247,0.007825221866369247,False,False,False,False,True
1,189193,1KEz8TcfKPeq8qA3dPhFmTQx2umyh2yRDa,49,1KpQ9EU4bL7BnrgeqsjJt9fhfJ7JzC875T,0.058253128081560135,0.07959005236625671,-0.02133692428469658,0.02133692428469658,False,False,False,False,True
1,191415,1KSEn34ZNtFA5Ah2KXDBEc59jryebt6S4X,45,17BymcHaGRbXGnEzR2m9woUYNf9FBPPJ2P,0.006502596661448479,0.005099397152662277,0.0014031995087862015,0.0014031995087862015,False,False,False,True,False
1,192588,1KYFfwYi2HiCrrEBWd9Mvex6T2yTadT6D2,44,3MMCb1DofhUKEpf4aGGs4rDj9QJs1HCrEJ,0.9888110160827637,0.9963604807853699,-0.007549464702606201,0.007549464702606201,True,True,False,False,True
1,195740,1KpQ9EU4bL7BnrgeqsjJt9fhfJ7JzC875T,47,1H7iXk3DJBgqShM3ADiKGggQmqMNUMhogm,0.17053796350955963,0.02336364984512329,0.14717431366443634,0.14717431366443634,False,False,False,True,False
1,196822,1Kuprz8EKEVX85a1m6j5ZRJzcbHE8YANWP,44,3MMCb1DofhUKEpf4aGGs4rDj9QJs1HCrEJ,0.9888110160827637,0.9963604807853699,-0.007549464702606201,0.007549464702606201,True,True,False,False,True
1,198008,1L2GKz8xzgYXDpPgrsmSsdjZo73ehJQX7z,43,1JNePVExrvnWcJnouKMoV6zC9KPr6tcjjP,0.6644456386566162,0.45493054389953613,0.20951509475708008,0.20951509475708008,False,False,False,True,False
1,198589,1L5Fa9sAjpmH9X7CorqnzJWi6Wo9SeH2Ft,49,1LPkxJBrtvZvSRwaUkmXQrJtLwxUNkSRsd,0.09588014334440231,0.24222923815250397,-0.14634909480810165,0.14634909480810165,False,False,False,False,True
1,199123,1L8PsiDHmetA5rAgW6W9ry8LE7yPEBXwBB,44,15ymZ1HC2WuUc2T9rXjjjbFUrpWf213fkR,0.17495699226856232,0.6077032685279846,-0.4327462762594223,0.4327462762594223,False,False,False,False,True
1,206144,1Lo45R8qkKDurPwtAU4wy6iyYYFpRPwhQa,48,1764h5LFJk1kEHxViPn5Z6GKRviuCmXmq7,0.20385636389255524,0.20976844429969788,-0.005912080407142639,0.005912080407142639,False,False,False,False,True
1,206144,1Lo45R8qkKDurPwtAU4wy6iyYYFpRPwhQa,48,1DnNbpJKecqrSA3ZP8oTWm3A7S93sqpBxt,0.20385636389255524,0.2799540162086487,-0.07609765231609344,0.07609765231609344,False,False,False,False,True
1,210318,1MBH6uJKhjbjFoHY9UwTKs59SNzY2HerFa,47,1JNchFeujbm786astAzpeRAVM1igPUMwYx,0.5943260788917542,0.8501759767532349,-0.2558498978614807,0.2558498978614807,False,False,False,False,True
1,212285,1MMVcJuPfLEygV5tgYDBg3eDeLeZ5i3idb,49,1JNchFeujbm786astAzpeRAVM1igPUMwYx,0.9872041344642639,0.9329574704170227,0.05424666404724121,0.05424666404724121,True,False,True,True,False
1,212613,1MP4tLmxSjuyLB93uvjAwbXdftZXJ2EDQ5,47,1ETa4q9o8sCpxsHJCUmupaq9iDCvC7adQf,0.4122145473957062,0.6078634262084961,-0.19564887881278992,0.19564887881278992,False,False,False,False,True
1,212839,1MQHNrkwv8yyn2uXsah1vTHm3P8dByGGmD,47,17giXgQLSosQDgMT5RV8HSFhyiEhQxnbK4,0.028624562546610832,0.027843577787280083,0.0007809847593307495,0.0007809847593307495,False,False,False,True,False
1,212839,1MQHNrkwv8yyn2uXsah1vTHm3P8dByGGmD,47,1BSQhuxTACyQukfgv4T2kSok9V1CY67bjn,0.028624562546610832,0.03814829885959625,-0.00952373631298542,0.00952373631298542,False,False,False,False,True
1,212839,1MQHNrkwv8yyn2uXsah1vTHm3P8dByGGmD,47,1KNUpuWaPpozPvoJXUEP75rpPEy4HZzcqS,0.028624562546610832,0.04406877979636192,-0.015444217249751091,0.015444217249751091,False,False,False,False,True
1,213518,1MUEYeXdUNrz1zvhAjEp1i6TN2JpNci9xA,44,3MMCb1DofhUKEpf4aGGs4rDj9QJs1HCrEJ,0.9888110160827637,0.9963604807853699,-0.007549464702606201,0.007549464702606201,True,True,False,False,True
1,219648,1N2i5g2HMZaLMD3qXZ7D3o7xa5gurF938a,46,38BoHtepsEZyWoCRKKyAe9gKW8wp3aPouM,0.6869986057281494,0.14253169298171997,0.5444669127464294,0.5444669127464294,False,False,False,True,False
1,220036,1N4sMnEDftDJayKBvQ5T6ktAwu4W2B5jAH,48,1347PE3ZDokSsE2Ws1ZvtftPXCuR4NjJsQ,0.35484418272972107,0.672444760799408,-0.3176005780696869,0.3176005780696869,False,False,False,False,True
1,220036,1N4sMnEDftDJayKBvQ5T6ktAwu4W2B5jAH,48,16FTZ3gTGqLZo5eV2zqkQwdn7oTsAnwTb4,0.35484418272972107,0.26793232560157776,0.08691185712814331,0.08691185712814331,False,False,False,True,False
1,221247,1NBVRtHcETRehoackqWxW8yCkysJsZF2vA,49,1ASCBAxmagSnPiTNJCznnpysoeyS6nFBi9,0.07052996009588242,0.17159828543663025,-0.10106832534074783,0.10106832534074783,False,False,False,False,True
1,222576,1NJYhxU4Q4Rmau1HGjJdJAUggqn5YVBdMz,43,17A16QmavnUfCW11DAApiJxp7ARnxN5pGX,0.04623442143201828,0.40503403544425964,-0.35879961401224136,0.35879961401224136,False,False,False,False,True
1,224114,1NSn81TebU8xJm9YqCMgNqe1GA7c8ZZKYu,42,12cgpFdJViXbwHbhrA3TuW1EGnL25Zqc3P,0.9951959252357483,0.9957312941551208,-0.0005353689193725586,0.0005353689193725586,True,True,False,False,True
1,226299,1NeLE9EAhu6nGDhShaRfXtbX9dAqsCuTme,42,17tuUbfeLanNs3CiugCFgtGnBT7Q8Pn4qa,0.1650763899087906,0.5289500951766968,-0.3638737052679062,0.3638737052679062,False,False,False,False,True
1,226299,1NeLE9EAhu6nGDhShaRfXtbX9dAqsCuTme,42,1Adnw7DhGpsxhZkNyHNvhfy8jSzfnW5Xoj,0.1650763899087906,0.07171477377414703,0.09336161613464355,0.09336161613464355,False,False,False,True,False
1,231181,1P67ks4WtnAhzMoNd5ykwbmgyH8f1q4Jhu,44,3MMCb1DofhUKEpf4aGGs4rDj9QJs1HCrEJ,0.9884732365608215,0.9949132204055786,-0.00643998384475708,0.00643998384475708,True,True,False,False,True
1,232266,1PBctcXYw3kfPWrJzuUdqcRPZU97pcNp8z,49,3CXr8guRrcA8g9z9rqck87e7nv49KkKMKy,0.9901239275932312,0.9816473126411438,0.008476614952087402,0.008476614952087402,True,True,False,True,False
1,232456,1PCa8mQzJpQbqK8cCbqYUuiHBaJEiuZUCc,46,1FvtWwP3ePJDeR6K7ZePGujUuusUTds8Vy,0.03132009133696556,0.05812932178378105,-0.02680923044681549,0.02680923044681549,False,False,False,False,True
1,236057,1PXTsK9NoznnN2GoWG7gUfwYVWxBmQvYxu,47,1JNchFeujbm786astAzpeRAVM1igPUMwYx,0.432988703250885,0.07779525965452194,0.35519344359636307,0.35519344359636307,False,False,False,True,False
1,237552,1PfoMjUFF47qEQKqoqft3Kxz69XXw2a1LW,46,38BoHtepsEZyWoCRKKyAe9gKW8wp3aPouM,0.9776145219802856,0.8909823894500732,0.0866321325302124,0.0866321325302124,True,False,True,True,False
1,242903,1QAtJPxfVTYpobNa9BrgU6WypzyJJEGZXP,43,1asrsnCiseKwF1cKqRvsszHnq6FUYuAX7,0.9806562662124634,0.9677689671516418,0.012887299060821533,0.012887299060821533,True,True,False,True,False
1,243983,1QGwsZRRNdpPPaATCb7yK5q6FLxouBt8Hu,49,1DwX1NA2r5hsPnNm72B3W5pTLBczvHKDoh,0.06339286267757416,0.23258185386657715,-0.169188991189003,0.169188991189003,False,False,False,False,True
1,243983,1QGwsZRRNdpPPaATCb7yK5q6FLxouBt8Hu,49,1HL6tSg5mUrXik5kdFBni4UTrAuPRps3P6,0.06339286267757416,0.04807010293006897,0.015322759747505188,0.015322759747505188,False,False,False,True,False
1,245307,1U5TTgSe6aG5v3yZF2iVeMyyuf8xMTvAb,49,1959snj1ovEnJP6ce9Aav2RuxDhZQEoCyh,0.9820305705070496,0.9757091999053955,0.006321370601654053,0.006321370601654053,True,True,False,True,False
1,246310,1ZXfybbikifb76be8Ubmnoxf8GJb59uEt,49,19aEYBAZzz6hiysK1h9GfeF1hvXASRHHW5,0.15826956927776337,0.19716599583625793,-0.03889642655849457,0.03889642655849457,False,False,False,False,True
1,246310,1ZXfybbikifb76be8Ubmnoxf8GJb59uEt,49,1DCsSV3zHRDMgxqGqimNumA81f4GKJUmba,0.15826956927776337,0.24217206239700317,-0.08390249311923981,0.08390249311923981,False,False,False,False,True
1,246550,1asrsnCiseKwF1cKqRvsszHnq6FUYuAX7,43,1CgL9cadWu6XwWAkfRYGc7XBuYtUEMTsUT,0.9400510787963867,0.8430234789848328,0.09702759981155396,0.09702759981155396,False,False,False,True,False
1,246550,1asrsnCiseKwF1cKqRvsszHnq6FUYuAX7,43,1E235xTx9Q2sGygH4eHHhLZ1n18qRF9zRT,0.9400510787963867,0.9397256970405579,0.0003253817558288574,0.0003253817558288574,False,False,False,True,False
1,246550,1asrsnCiseKwF1cKqRvsszHnq6FUYuAX7,43,1F8zLazqH3pM3RQWPnzuaEnytobGvwS85R,0.9400510787963867,0.825279176235199,0.11477190256118774,0.11477190256118774,False,False,False,True,False
1,246550,1asrsnCiseKwF1cKqRvsszHnq6FUYuAX7,43,1HK4LDW2Ct4oiqbCxiR67XfE7pekKqFwqf,0.9400510787963867,0.9392428398132324,0.0008082389831542969,0.0008082389831542969,False,False,False,True,False
1,246550,1asrsnCiseKwF1cKqRvsszHnq6FUYuAX7,43,1HKrstBUg1QjkgRJWHEixDnPdYCmhMJsqz,0.9400510787963867,0.9397799372673035,0.00027114152908325195,0.00027114152908325195,False,False,False,True,False
1,246550,1asrsnCiseKwF1cKqRvsszHnq6FUYuAX7,43,1HiydHrexzDiCQ99PJ4JySC9YPkKTWDDjF,0.9400510787963867,0.9397483468055725,0.000302731990814209,0.000302731990814209,False,False,False,True,False
1,246734,1c1YL8Zxoc9R1VYnpWp5HrFRrus3WH8an,46,38BoHtepsEZyWoCRKKyAe9gKW8wp3aPouM,0.6638036966323853,0.1341162919998169,0.5296874046325684,0.5296874046325684,False,False,False,True,False
1,247326,1fEhrfj53qcHD8nHxtUtwkjfiykJDZEhD,49,1DwX1NA2r5hsPnNm72B3W5pTLBczvHKDoh,0.8032816648483276,0.8893612027168274,-0.08607953786849976,0.08607953786849976,False,False,False,False,True
1,247326,1fEhrfj53qcHD8nHxtUtwkjfiykJDZEhD,49,1HL6tSg5mUrXik5kdFBni4UTrAuPRps3P6,0.8032816648483276,0.6374263167381287,0.16585534811019897,0.16585534811019897,False,False,False,True,False
1,247713,1hQTvXsaYwtrkq499vLPGLYsPCyyfKaQ9,49,1LPkxJBrtvZvSRwaUkmXQrJtLwxUNkSRsd,0.7586821913719177,0.9045257568359375,-0.14584356546401978,0.14584356546401978,False,False,False,False,True
1,248227,1jxX29fe37u8sL7jQr9CD9aAWuB7QApyC,45,12Nky4Abg6K5KPRJV2CiVDkK38cYih9qfq,0.8405994176864624,0.9332808256149292,-0.0926814079284668,0.0926814079284668,False,False,False,False,True
1,248227,1jxX29fe37u8sL7jQr9CD9aAWuB7QApyC,45,1DnigX5TYZ1z92hatgPUTfPKm6d21XDVyo,0.8405994176864624,0.42428138852119446,0.41631802916526794,0.41631802916526794,False,False,False,True,False
1,249270,1qXt4skmNV9iDEatDci1zeQwUcTNPpiPK,48,1Lo45R8qkKDurPwtAU4wy6iyYYFpRPwhQa,0.580131471157074,0.6110410690307617,-0.030909597873687744,0.030909597873687744,False,False,False,False,True
1,249639,1sT8pTFS7urkmwWgR6gq81TiKpVSRKdHM,42,19ScWFkhyDc6bDhSJ28xtj9juPq48V9Sv7,0.7887689471244812,0.8481170535087585,-0.059348106384277344,0.059348106384277344,False,False,False,False,True
1,250362,1wQc7SohFenbB1yciK8Te6ZZNvFMZqxu8,48,1Lo45R8qkKDurPwtAU4wy6iyYYFpRPwhQa,0.22067460417747498,0.33895349502563477,-0.11827889084815979,0.11827889084815979,False,False,False,False,True
1,268638,3BrZAPtb7tBW7nkfbCMgMGG5Ai3UYpHTsM,42,1EgVDZjJeRYV7fEpGv5fi4bG6H4NtAX6Fa,0.9049439430236816,0.9375386238098145,-0.03259468078613281,0.03259468078613281,False,False,False,False,True
1,268638,3BrZAPtb7tBW7nkfbCMgMGG5Ai3UYpHTsM,42,1FktjjJY6rXwgViX42Qxk3J3v1v22Rxw8b,0.9049439430236816,0.9090833067893982,-0.004139363765716553,0.004139363765716553,False,False,False,False,True
1,271678,3DaXfvpvxZUSPS6Hv133f71MG8f9bnhGtB,45,1AGvs3vZQ8rwhREcn1todsP1Cex6qZTCik,0.9333081245422363,0.9566051363945007,-0.023297011852264404,0.023297011852264404,False,True,True,False,True
1,271678,3DaXfvpvxZUSPS6Hv133f71MG8f9bnhGtB,45,1BLRZf3TB9SEL26RxF54Lk7eDrjbSnA3ZT,0.9333081245422363,0.9286869168281555,0.0046212077140808105,0.0046212077140808105,False,False,False,True,False
1,271678,3DaXfvpvxZUSPS6Hv133f71MG8f9bnhGtB,45,1D3hJYUeebLsmxtjDnzvWwaumax1ipefBa,0.9333081245422363,0.949478030204773,-0.01616990566253662,0.01616990566253662,False,True,True,False,True
1,271915,3DiugMuhM9FrK4hV7My5b19s5bcC4pHvjX,45,1GNqGgYazbzdV354HnFwqPv3JteKDjKaqG,0.15743887424468994,0.1681991070508957,-0.01076023280620575,0.01076023280620575,False,False,False,False,True
1,271915,3DiugMuhM9FrK4hV7My5b19s5bcC4pHvjX,45,1M4EnibRGxbEEYQHtkh7o1q5s24hUaEZ34,0.15743887424468994,0.27626579999923706,-0.11882692575454712,0.11882692575454712,False,False,False,False,True
1,275156,3FZQWXCKnEo4eD6mo27Rpxq2bwELbB8ojc,47,1DHHJdsakHN7tCuLziQqfUHFK5RKpJB6RN,0.9816204309463501,0.9808881282806396,0.0007323026657104492,0.0007323026657104492,True,True,False,True,False
1,275156,3FZQWXCKnEo4eD6mo27Rpxq2bwELbB8ojc,47,1FDqi4NGvGiqf2zqYSx6iLo6Pd8y9N8WVj,0.9816204309463501,0.9820611476898193,-0.0004407167434692383,0.0004407167434692383,True,True,False,False,True
1,275156,3FZQWXCKnEo4eD6mo27Rpxq2bwELbB8ojc,47,1LnNUMRzUmc7BuqW4q9Zgij1SsH9SU3TdJ,0.9816204309463501,0.9766969680786133,0.004923462867736816,0.004923462867736816,True,True,False,True,False
1,280420,3JhCRkemCzWByjGsnuh82LCqXEaToSCCzV,43,13jttFaLnhiQcFo4hYXnMNdZMNQapzyK5J,0.9365316033363342,0.936829686164856,-0.0002980828285217285,0.0002980828285217285,False,False,False,False,True
1,280420,3JhCRkemCzWByjGsnuh82LCqXEaToSCCzV,43,15ws9hmVXfWqwKUGGBFfqUAYg4pCWp5i65,0.9365316033363342,0.9361505508422852,0.00038105249404907227,0.00038105249404907227,False,False,False,True,False
1,280420,3JhCRkemCzWByjGsnuh82LCqXEaToSCCzV,43,191Fg7VG5MFAxsr4tKZHdzyuqktNYL4k3M,0.9365316033363342,0.9391078352928162,-0.0025762319564819336,0.0025762319564819336,False,False,False,False,True
1,280420,3JhCRkemCzWByjGsnuh82LCqXEaToSCCzV,43,1KZQGAA4jT4EQKvmMcWoEhX8eRGwcH95Rs,0.9365316033363342,0.9342195987701416,0.002312004566192627,0.002312004566192627,False,False,False,True,False
1,280420,3JhCRkemCzWByjGsnuh82LCqXEaToSCCzV,43,1Nd4WoUggkZ71AYxsAVPChMzSztrFKduvY,0.9365316033363342,0.9376289248466492,-0.0010973215103149414,0.0010973215103149414,False,False,False,False,True
1,286592,3NLyzZRyEMmwsASjT88NnYHotkCxkjw4oT,45,129EZEk9iu73adHScv3Qu4QibtsTAWSrus,0.7741864919662476,0.7860210537910461,-0.011834561824798584,0.011834561824798584,False,False,False,False,True
1,286592,3NLyzZRyEMmwsASjT88NnYHotkCxkjw4oT,45,149R7hMKKU78PU1t2nqX22qtWAyR9R7A4Z,0.7741864919662476,0.785137951374054,-0.010951459407806396,0.010951459407806396,False,False,False,False,True
1,286592,3NLyzZRyEMmwsASjT88NnYHotkCxkjw4oT,45,15hUn7S97RCoo2A3f5ppy6MJZNToRKnW3R,0.7741864919662476,0.7841227650642395,-0.009936273097991943,0.009936273097991943,False,False,False,False,True
1,286592,3NLyzZRyEMmwsASjT88NnYHotkCxkjw4oT,45,1BRnBXZ9CZuDxTNfNNAkvoDSS18R6f7KFf,0.7741864919662476,0.7851474285125732,-0.010960936546325684,0.010960936546325684,False,False,False,False,True
1,286592,3NLyzZRyEMmwsASjT88NnYHotkCxkjw4oT,45,1CPCGQYeGg21J8ALCahdtn6PRJJUg84MPM,0.7741864919662476,0.7846661806106567,-0.01047968864440918,0.01047968864440918,False,False,False,False,True
1,286592,3NLyzZRyEMmwsASjT88NnYHotkCxkjw4oT,45,1KfNpZTbam5dLXuGzFeCEX1ecbzkWx8Tv2,0.7741864919662476,0.7868284583091736,-0.012641966342926025,0.012641966342926025,False,False,False,False,True
1,286592,3NLyzZRyEMmwsASjT88NnYHotkCxkjw4oT,45,1MoCk52G8cz4KPuNPMXdpe2rBCgTbSTK6R,0.7741864919662476,0.7844765186309814,-0.010290026664733887,0.010290026664733887,False,False,False,False,True
1,286592,3NLyzZRyEMmwsASjT88NnYHotkCxkjw4oT,45,1NLxMQRd4BzMh2ka4vgomUQKBuhhrhKVgG,0.7741864919662476,0.7847076058387756,-0.010521113872528076,0.010521113872528076,False,False,False,False,True
1,286592,3NLyzZRyEMmwsASjT88NnYHotkCxkjw4oT,45,1PXEWSDeNNeiHHoHJPvBQPVWb3Ks3cfhTB,0.7741864919662476,0.7912828326225281,-0.017096340656280518,0.017096340656280518,False,False,False,False,True
1,286592,3NLyzZRyEMmwsASjT88NnYHotkCxkjw4oT,45,37rmdmN7hHRWb8b6Xvzsj6L5zmhsXjJKec,0.7741864919662476,0.7900602221488953,-0.015873730182647705,0.015873730182647705,False,False,False,False,True
1,286592,3NLyzZRyEMmwsASjT88NnYHotkCxkjw4oT,45,39sfuA8pY4UfybgEZi7uvA13jkGzZpsg5K,0.7741864919662476,0.7337619066238403,0.04042458534240723,0.04042458534240723,False,False,False,True,False
1,286592,3NLyzZRyEMmwsASjT88NnYHotkCxkjw4oT,45,3Am8uxB9RBnHk2uBpapYBPxofVK4zJySQX,0.7741864919662476,0.758026659488678,0.01615983247756958,0.01615983247756958,False,False,False,True,False
1,286592,3NLyzZRyEMmwsASjT88NnYHotkCxkjw4oT,45,3GX5iHbSJ4mc42BtqAQKtoyfYVRu9JKfuB,0.7741864919662476,0.732513964176178,0.04167252779006958,0.04167252779006958,False,False,False,True,False
1,286592,3NLyzZRyEMmwsASjT88NnYHotkCxkjw4oT,45,3M22qkooDXywKiunyZZARcDAN8fG4F6pub,0.7741864919662476,0.8008630275726318,-0.026676535606384277,0.026676535606384277,False,False,False,False,True
1,286592,3NLyzZRyEMmwsASjT88NnYHotkCxkjw4oT,45,3Qh6xuHMw5jqyi525fZj9XjLxQTpb1CFEC,0.7741864919662476,0.7850639820098877,-0.010877490043640137,0.010877490043640137,False,False,False,False,True
1,291073,3QpsKHJUpnYCCYX5Nbo1hh4Hva9v3Kzyhg,43,1JNePVExrvnWcJnouKMoV6zC9KPr6tcjjP,0.8337498903274536,0.9185601472854614,-0.08481025695800781,0.08481025695800781,False,False,False,False,True
1,291091,3QqF1iHxztxRLWtsaoWSnWcPcUAZSJDJfM,42,14giZyCQDGHSpSyVygyw7viGTcc9uvVoSp,0.9557817578315735,0.958518385887146,-0.0027366280555725098,0.0027366280555725098,True,True,False,False,True
1,291091,3QqF1iHxztxRLWtsaoWSnWcPcUAZSJDJfM,42,19yYEwstiwMgHCtSfySypF2qBV4qG5rhcU,0.9557817578315735,0.9579194784164429,-0.0021377205848693848,0.0021377205848693848,True,True,False,False,True
1,291091,3QqF1iHxztxRLWtsaoWSnWcPcUAZSJDJfM,42,1CADPoDkxyfzi8vFsX3Lucg7vbb1TjHEYz,0.9557817578315735,0.9544506072998047,0.0013311505317687988,0.0013311505317687988,True,True,False,True,False
1,291091,3QqF1iHxztxRLWtsaoWSnWcPcUAZSJDJfM,42,1DCnyDcNM2aT2KtYTq9FRuroKBxJutdG76,0.9557817578315735,0.9548366069793701,0.0009451508522033691,0.0009451508522033691,True,True,False,True,False
0,47008,16HRebn7XXvuLopHZp6BXF76ehR5QqpJrV,43,1N52wHoVR79PMDishab2XmRHsbekCdGquK,0.004992155358195305,0.005731439217925072,-0.0007392838597297668,0.0007392838597297668,False,False,False,False,True
0,26899,14QtY14DDsxrJQRLq63qNuWLQYYK8VkecA,47,16NNAn7NNLHKNM63R9Q4RRyZHYRihK69zg,0.0036727183032780886,0.003659005044028163,1.3713259249925613e-05,1.3713259249925613e-05,False,False,False,True,False
0,26899,14QtY14DDsxrJQRLq63qNuWLQYYK8VkecA,47,17A16QmavnUfCW11DAApiJxp7ARnxN5pGX,0.0036727183032780886,0.004248631652444601,-0.0005759133491665125,0.0005759133491665125,False,False,False,False,True
0,26899,14QtY14DDsxrJQRLq63qNuWLQYYK8VkecA,47,1N52wHoVR79PMDishab2XmRHsbekCdGquK,0.0036727183032780886,0.004788538441061974,-0.001115820137783885,0.001115820137783885,False,False,False,False,True
0,26899,14QtY14DDsxrJQRLq63qNuWLQYYK8VkecA,47,3KAHHqjaKhLiB8U4yWcB69LsMJjDxqecWD,0.0036727183032780886,0.0035252587404102087,0.00014745956286787987,0.00014745956286787987,False,False,False,True,False
0,27625,14UoK87EFUAND4s3yxJR75T3ZvohscYTxo,48,1E5dw2TfvkWeFSy2QFudNiQptT7gCiMMx6,0.010783682577311993,0.0028053547721356153,0.007978327805176377,0.007978327805176377,False,False,False,True,False
0,27625,14UoK87EFUAND4s3yxJR75T3ZvohscYTxo,48,1GX28yLjVWux7ws4UQ9FB4MnLH4UKTPK2z,0.010783682577311993,0.04693051427602768,-0.03614683169871569,0.03614683169871569,False,False,False,False,True
0,152551,1Fttxepxr1RcQjgtBkiCwqDmNE3AfBBWvJ,46,17A16QmavnUfCW11DAApiJxp7ARnxN5pGX,0.003222086001187563,0.005857819225639105,-0.002635733224451542,0.002635733224451542,False,False,False,False,True
0,213328,1MTFktyEjLGLK9ha8Ltkx2HG3nehRXMRY2,46,1Hy9riX3QPoh5G2XrQvLFfjbLMSvBkocjq,0.005879549775272608,0.004963938612490892,0.0009156111627817154,0.0009156111627817154,False,False,False,True,False
0,213328,1MTFktyEjLGLK9ha8Ltkx2HG3nehRXMRY2,46,1N52wHoVR79PMDishab2XmRHsbekCdGquK,0.005879549775272608,0.0074935248121619225,-0.0016139750368893147,0.0016139750368893147,False,False,False,False,True
0,279958,3JQah2aJiULK2zLTnW5WCMWF6hGe1mpcdG,42,19j9W21psaLRGCYrHPVQHpPRsmxtpSD3MW,0.30240362882614136,0.14284124970436096,0.1595623791217804,0.1595623791217804,False,False,False,True,False
0,279958,3JQah2aJiULK2zLTnW5WCMWF6hGe1mpcdG,42,1H1HkhfHuDa3PWi4cDn7u34mT3ePg2jL1g,0.30240362882614136,0.34170636534690857,-0.03930273652076721,0.03930273652076721,False,False,False,False,True
0,279958,3JQah2aJiULK2zLTnW5WCMWF6hGe1mpcdG,42,1KmZzMuFonWaqd4LE6ZMYdpQtVGYMqXoqG,0.30240362882614136,0.321601539850235,-0.019197911024093628,0.019197911024093628,False,False,False,False,True
0,279958,3JQah2aJiULK2zLTnW5WCMWF6hGe1mpcdG,42,35AnUd6znjGwzXZLa9tkjbAyAmaPeDwPPr,0.30240362882614136,0.3267470896244049,-0.02434346079826355,0.02434346079826355,False,False,False,False,True
0,239782,1PshPXT9RZfcq3KkJu9GryitmmMp8YGnGP,45,12PzFi4xtUKbFqpY5ZqGngNkcMMZgtkLVq,0.0025530862621963024,0.002726600505411625,-0.0001735142432153225,0.0001735142432153225,False,False,False,False,True
0,239782,1PshPXT9RZfcq3KkJu9GryitmmMp8YGnGP,45,17A16QmavnUfCW11DAApiJxp7ARnxN5pGX,0.0025530862621963024,0.0029922882094979286,-0.0004392019473016262,0.0004392019473016262,False,False,False,False,True
0,239782,1PshPXT9RZfcq3KkJu9GryitmmMp8YGnGP,45,1FWK9ZfQKM6T38NW7qe5GmwPyqY1caLbXG,0.0025530862621963024,0.00254647433757782,6.61192461848259e-06,6.61192461848259e-06,False,False,False,True,False
0,239782,1PshPXT9RZfcq3KkJu9GryitmmMp8YGnGP,45,1N52wHoVR79PMDishab2XmRHsbekCdGquK,0.0025530862621963024,0.0029150834307074547,-0.00036199716851115227,0.00036199716851115227,False,False,False,False,True
0,120496,1CwhNhedNVjU2rkrB1w3okD8yxMu9DpomV,48,1FmGo2WMExLdGzvFnH1q8rsFhN9Ppzon8,0.11419142782688141,0.0034677807707339525,0.11072364705614746,0.11072364705614746,False,False,False,True,False
0,120496,1CwhNhedNVjU2rkrB1w3okD8yxMu9DpomV,48,1GX28yLjVWux7ws4UQ9FB4MnLH4UKTPK2z,0.11419142782688141,0.43303126096725464,-0.31883983314037323,0.31883983314037323,False,False,False,False,True
0,117913,1CiEnaahGUVXLwHy14noSsJhCtetsfk26F,48,1DML4Wx7hz2hcvwb89NK6VmFLbDJzN4x4b,0.005310031119734049,0.009005398489534855,-0.003695367369800806,0.003695367369800806,False,False,False,False,True
0,117913,1CiEnaahGUVXLwHy14noSsJhCtetsfk26F,48,1KJuzWJat7HUgGSFaGbU2QiLoUeiF5Y6dn,0.005310031119734049,0.004683502484112978,0.0006265286356210709,0.0006265286356210709,False,False,False,True,False
0,117913,1CiEnaahGUVXLwHy14noSsJhCtetsfk26F,48,1Kzwj6ZWSemKSHjbKVDnYRmJNqBxmESQtU,0.005310031119734049,0.006540327798575163,-0.001230296678841114,0.001230296678841114,False,False,False,False,True
0,176551,1J5ktq5dZ9H1kgFMvH88gqYi5u8CLJiSJL,43,12ucu9bHLe2w2ahjibVtp3xmdcGkgUmX4A,0.004310371819883585,0.012305944226682186,-0.007995572406798601,0.007995572406798601,False,False,False,False,True
0,176551,1J5ktq5dZ9H1kgFMvH88gqYi5u8CLJiSJL,43,1DxFj2zLBLXSM3ETEr4RZr6KcBEeaGAwoT,0.004310371819883585,0.0039049717597663403,0.0004054000601172447,0.0004054000601172447,False,False,False,True,False
0,176551,1J5ktq5dZ9H1kgFMvH88gqYi5u8CLJiSJL,43,1GX28yLjVWux7ws4UQ9FB4MnLH4UKTPK2z,0.004310371819883585,0.004758371505886316,-0.0004479996860027313,0.0004479996860027313,False,False,False,False,True
0,275360,3FgCjBtES3bYsHsjFa2TezJiTysVzjuG8P,44,17A16QmavnUfCW11DAApiJxp7ARnxN5pGX,0.0027080392464995384,0.03784971311688423,-0.03514167387038469,0.03514167387038469,False,False,False,False,True
0,10240,12tCSfiAv6onu4PoCRDaCguuxsjhoYgsLT,47,17WakVdjTNbtFBzhtNCdSv65mkHDc4eUpC,0.005401838105171919,0.005258637014776468,0.0001432010903954506,0.0001432010903954506,False,False,False,True,False
0,47079,16HqjcudUD8RWwgEWuC49Du22ULQxzgJiS,48,1GX28yLjVWux7ws4UQ9FB4MnLH4UKTPK2z,0.007115685846656561,0.09326301515102386,-0.0861473293043673,0.0861473293043673,False,False,False,False,True
0,50313,16b3hdiSqjPNx217REaNqzWrQbYnFqn6eL,43,1NtHN8Tx7MSGZ3XNx5iyNSRqsmQVnb3Ab6,0.00917529035359621,0.23471365869045258,-0.22553836833685637,0.22553836833685637,False,False,False,False,True
0,229768,1NxfTtx5GuWtVMpxmDJ75H81t3p3xMrRg4,47,34NRoKBRK8y1tvKdN6XZE2Wodqb5YfmCV9,0.004223171155899763,0.004610222298651934,-0.00038705114275217056,0.00038705114275217056,False,False,False,False,True
0,229768,1NxfTtx5GuWtVMpxmDJ75H81t3p3xMrRg4,47,3Q5Z56QaBoyetUR627RzR38jPBXyQp8Pz9,0.004223171155899763,0.004788797348737717,-0.0005656261928379536,0.0005656261928379536,False,False,False,False,True
0,288345,3PK1G4doPAXVEEANaAmDdpMrY2R7SUxj2A,45,1PXEWSDeNNeiHHoHJPvBQPVWb3Ks3cfhTB,0.5665019750595093,0.6612038612365723,-0.09470188617706299,0.09470188617706299,False,False,False,False,True
0,55396,173Z9tMRjXd95CnBWoHqFWGisDgXaWCpJ5,45,1Nu5GC9hpp8THFuS7KcbScYVQCHbNtrLXz,0.0032228443305939436,0.002443905221298337,0.0007789391092956066,0.0007789391092956066,False,False,False,True,False
0,11253,12yZgoDGgiJc3iPriAKTgqRnSB65fW8zoZ,49,1DFLghp9kw2f6B32LisVzWkyx9qEnzscKi,0.0029443702660501003,0.0031208109576255083,-0.00017644069157540798,0.00017644069157540798,False,False,False,False,True
0,94864,1Ae2qFQKQ1Yd6tgiT2MziARi7t53ytVVt4,45,14eUc5rKLLpfv4TVZpp9QscfveF5cwiHtr,0.003177367150783539,0.003265567822381854,-8.820067159831524e-05,8.820067159831524e-05,False,False,False,False,True
0,94864,1Ae2qFQKQ1Yd6tgiT2MziARi7t53ytVVt4,45,16gsiBTNjYCyFQs1cJZcy7UpXT69j4hFeo,0.003177367150783539,0.0031861390452831984,-8.771894499659538e-06,8.771894499659538e-06,False,False,False,False,True
0,94864,1Ae2qFQKQ1Yd6tgiT2MziARi7t53ytVVt4,45,16zC3348Lxsgzk1NgwDQJawWoFa5ZfQiRB,0.003177367150783539,0.0032771199475973845,-9.975279681384563e-05,9.975279681384563e-05,False,False,False,False,True
0,94864,1Ae2qFQKQ1Yd6tgiT2MziARi7t53ytVVt4,45,1N52wHoVR79PMDishab2XmRHsbekCdGquK,0.003177367150783539,0.003275164170190692,-9.779701940715313e-05,9.779701940715313e-05,False,False,False,False,True
0,86318,19sWMKN9rHBxEN1aBNfh5HVRjz6sbP5tFh,45,14eUc5rKLLpfv4TVZpp9QscfveF5cwiHtr,0.003094507148489356,0.003128091571852565,-3.358442336320877e-05,3.358442336320877e-05,False,False,False,False,True
0,86318,19sWMKN9rHBxEN1aBNfh5HVRjz6sbP5tFh,45,16gsiBTNjYCyFQs1cJZcy7UpXT69j4hFeo,0.003094507148489356,0.003119996516034007,-2.548936754465103e-05,2.548936754465103e-05,False,False,False,False,True
0,86318,19sWMKN9rHBxEN1aBNfh5HVRjz6sbP5tFh,45,16zC3348Lxsgzk1NgwDQJawWoFa5ZfQiRB,0.003094507148489356,0.00321117602288723,-0.00011666887439787388,0.00011666887439787388,False,False,False,False,True
0,86318,19sWMKN9rHBxEN1aBNfh5HVRjz6sbP5tFh,45,1N52wHoVR79PMDishab2XmRHsbekCdGquK,0.003094507148489356,0.0031911663245409727,-9.665917605161667e-05,9.665917605161667e-05,False,False,False,False,True
0,135091,1EJByW86taSbY8qJaUjhT17CSRPn1nrfai,46,17A16QmavnUfCW11DAApiJxp7ARnxN5pGX,0.0032228948548436165,0.005783097352832556,-0.0025602024979889393,0.0025602024979889393,False,False,False,False,True
0,124229,1DHxEQ2SJSwVgrpdhaHSuWqyv3wDk2sdeH,44,17A16QmavnUfCW11DAApiJxp7ARnxN5pGX,0.004619421437382698,0.029121169820427895,-0.024501748383045197,0.024501748383045197,False,False,False,False,True
0,81578,19SMPC3KQXdedQ8DAyacWBHewyAccAGGsa,42,12cgpFdJViXbwHbhrA3TuW1EGnL25Zqc3P,0.6408864259719849,0.7447468638420105,-0.10386043787002563,0.10386043787002563,False,False,False,False,True
0,81578,19SMPC3KQXdedQ8DAyacWBHewyAccAGGsa,42,17A16QmavnUfCW11DAApiJxp7ARnxN5pGX,0.6408864259719849,0.9758091568946838,-0.334922730922699,0.334922730922699,False,True,True,False,True
0,282711,3L2hE26ph9tTwfcZaE698i2FAwXMbWpfDu,42,37keHMHKsGzLnCvNmtfv38o5EMqrFq4DK3,0.04624541848897934,0.09885203093290329,-0.05260661244392395,0.05260661244392395,False,False,False,False,True
0,180608,1JTFxwjQ6DEx214uLGzUrSreu3DMtkYv9X,43,1N52wHoVR79PMDishab2XmRHsbekCdGquK,0.003921048250049353,0.004159772302955389,-0.00023872405290603638,0.00023872405290603638,False,False,False,False,True
0,30009,14hfGi3s345syA9o5sp2fb6go2pTxRdYBA,47,17A16QmavnUfCW11DAApiJxp7ARnxN5pGX,0.004672501236200333,0.014931486919522285,-0.010258985683321953,0.010258985683321953,False,False,False,False,True
0,153375,1FxnDYP6PKnD1WfgdUSSQRexdYeWASy9Vv,47,1N52wHoVR79PMDishab2XmRHsbekCdGquK,0.006536465138196945,0.008112437091767788,-0.0015759719535708427,0.0015759719535708427,False,False,False,False,True
0,104020,1BTuhHYPasyBLJ6chhyJr8bHthubnyCmrH,47,12cgpFdJViXbwHbhrA3TuW1EGnL25Zqc3P,0.014545910060405731,0.018583131954073906,-0.004037221893668175,0.004037221893668175,False,False,False,False,True
0,104020,1BTuhHYPasyBLJ6chhyJr8bHthubnyCmrH,47,18BonsqajX1vcRQti1EWfoZDGf84aYeqpy,0.014545910060405731,0.016098523512482643,-0.001552613452076912,0.001552613452076912,False,False,False,False,True
0,104020,1BTuhHYPasyBLJ6chhyJr8bHthubnyCmrH,47,1GV3N1VApdcCkeZ3r8LbacmHfcHrFLiGiR,0.014545910060405731,0.017778633162379265,-0.0032327231019735336,0.0032327231019735336,False,False,False,False,True
0,104020,1BTuhHYPasyBLJ6chhyJr8bHthubnyCmrH,47,1PpqtvrMTtHiiGZ4a2z9iVhTod6xC3cCvM,0.014545910060405731,0.019118281081318855,-0.004572371020913124,0.004572371020913124,False,False,False,False,True
0,104020,1BTuhHYPasyBLJ6chhyJr8bHthubnyCmrH,47,1eSkZqiDWxoTggz6KUC1koHAP75iK4NQh,0.014545910060405731,0.014211513102054596,0.00033439695835113525,0.00033439695835113525,False,False,False,True,False
0,78393,1995KGdeDPz63xxUfYqjgTB3eTUvSmMWKv,48,1BrT827NCgxjctnEBdLiuDzukupwWHP1i2,0.07425560057163239,0.04912082105875015,0.025134779512882233,0.025134779512882233,False,False,False,True,False
0,254603,33kZX3dTFX925MiTMzE96S3SZnEeqzbzUb,44,1721nmvVbLXY57UBLKzUT1PoYd9v9Y8Xus,0.9581703543663025,0.9716042876243591,-0.01343393325805664,0.01343393325805664,True,True,False,False,True
0,254603,33kZX3dTFX925MiTMzE96S3SZnEeqzbzUb,44,1BgfQbmjeptRbmDNhNPvgthQW14UAjTiy8,0.9581703543663025,0.9361583590507507,0.022011995315551758,0.022011995315551758,True,False,True,True,False
0,65870,1816Mh1X17hWXq6SEeYuBLVfv7jLiAmDLa,48,1GX28yLjVWux7ws4UQ9FB4MnLH4UKTPK2z,0.006556383799761534,0.07730535417795181,-0.07074897037819028,0.07074897037819028,False,False,False,False,True
0,85859,19ptRmsji93ew6oPc8GmB8dg7yBLyKpALr,48,1GX28yLjVWux7ws4UQ9FB4MnLH4UKTPK2z,0.006532685831189156,0.0766749233007431,-0.07014223746955395,0.07014223746955395,False,False,False,False,True
0,136340,1EQausmojuUgdwG5oqrYmJfC7TnLutQ8TB,49,12FaA8rGuVBmJu6xx6kAeHAK8EgF8pEXpH,0.0021230075508356094,0.002289691474288702,-0.00016668392345309258,0.00016668392345309258,False,False,False,False,True
0,136340,1EQausmojuUgdwG5oqrYmJfC7TnLutQ8TB,49,1N52wHoVR79PMDishab2XmRHsbekCdGquK,0.0021230075508356094,0.002122964011505246,4.353933036327362e-08,4.353933036327362e-08,False,False,False,True,False
0,211569,1MHoGttsMUS5iRQoL8sQdTFkpA2QitZB9T,44,1N52wHoVR79PMDishab2XmRHsbekCdGquK,0.012519681826233864,0.012398886494338512,0.00012079533189535141,0.00012079533189535141,False,False,False,True,False
0,231346,1P6pS1G6wLApwbLxDstcSEriaGGrd3Rs6w,48,1GX28yLjVWux7ws4UQ9FB4MnLH4UKTPK2z,0.007927993312478065,0.11819019913673401,-0.11026220582425594,0.11026220582425594,False,False,False,False,True
0,50707,16dHsr2DHnSRjMULXyNeBvZP5GM2HYZrPq,43,13JWuN6LG2PJvceiYm98vmMce5SudJbFBS,0.002497667446732521,0.002539504086598754,-4.183663986623287e-05,4.183663986623287e-05,False,False,False,False,True
0,50707,16dHsr2DHnSRjMULXyNeBvZP5GM2HYZrPq,43,1N52wHoVR79PMDishab2XmRHsbekCdGquK,0.002497667446732521,0.002689089858904481,-0.00019142241217195988,0.00019142241217195988,False,False,False,False,True
0,50707,16dHsr2DHnSRjMULXyNeBvZP5GM2HYZrPq,43,1QDsADEiFM8MTqK36w3CE7UrYHGqNcv4UR,0.002497667446732521,0.002429900225251913,6.776722148060799e-05,6.776722148060799e-05,False,False,False,True,False
0,186096,1JxCyYoQiJW5YRAJumaqBdLisnyanynZci,43,1B8fmorWPcFyGGHri81Wrj19pDGoFjJs4t,0.03614100441336632,0.05234035104513168,-0.016199346631765366,0.016199346631765366,False,False,False,False,True
0,186096,1JxCyYoQiJW5YRAJumaqBdLisnyanynZci,43,1KqwzzS4Rt87bUSihhLCvi2mjZ53i28Dk1,0.03614100441336632,0.11226947605609894,-0.07612847164273262,0.07612847164273262,False,False,False,False,True
0,30904,14nFqsQbUr4v8FMuq5jwdZPpksW75GizM5,48,1BrT827NCgxjctnEBdLiuDzukupwWHP1i2,0.07168588042259216,0.046265486627817154,0.02542039379477501,0.02542039379477501,False,False,False,True,False
0,94557,1AcS1UczLPLQeEU3ujYNrN1VWxwdgKvmrZ,47,1Hi4VN32bzYhJAVm17tByeBGJjoC5Sd5fj,0.468796968460083,0.012837537564337254,0.45595943089574575,0.45595943089574575,False,False,False,True,False
0,53774,16u3MMLLyALuauNBLHSmkifkseKQKt1saJ,45,17A16QmavnUfCW11DAApiJxp7ARnxN5pGX,0.002707152161747217,0.07536141574382782,-0.0726542635820806,0.0726542635820806,False,False,False,False,True
0,285501,3MfN5to5K5be2RupWE8rjJHQ6V9L8ypWeh,48,1Dk7S7v3hDBVcS93LPPKWpCSGbL63Ewwn,0.1755352020263672,0.15342552959918976,0.02210967242717743,0.02210967242717743,False,False,False,True,False
0,247252,1eq1TEZwX1LCZU9KP3NEaVrgD3MV9uXG3,47,1KumbRsTcA6UNqU2MHEfqEFnAZYU3w3izR,0.003278024960309267,0.003299776930361986,-2.1751970052719116e-05,2.1751970052719116e-05,False,False,False,False,True
0,247252,1eq1TEZwX1LCZU9KP3NEaVrgD3MV9uXG3,47,39pK9ULehUqA5iHWyDxCs7ixL1mSe6tYhU,0.003278024960309267,0.003545910120010376,-0.00026788515970110893,0.00026788515970110893,False,False,False,False,True
0,105444,1BbMcbGDbdD3cu6sXuJXKz3BWkJjsocXJ4,48,1GX28yLjVWux7ws4UQ9FB4MnLH4UKTPK2z,0.006264883559197187,0.07041651755571365,-0.06415163399651647,0.06415163399651647,False,False,False,False,True
0,49725,16XmyDuFyo92xnYgAm26NErwppxg6jYNTX,42,1N52wHoVR79PMDishab2XmRHsbekCdGquK,0.01556403934955597,0.021299950778484344,-0.005735911428928375,0.005735911428928375,False,False,False,False,True
0,274674,3FGchmrcUrbKmbMQzwprrgvfaQhT6unjk5,48,1GX28yLjVWux7ws4UQ9FB4MnLH4UKTPK2z,0.0064277308993041515,0.0740729570388794,-0.06764522613957524,0.06764522613957524,False,False,False,False,True
0,1476,123hRkjTcjr5G8FdjVyiQ41X55Zn1H6Vxu,47,3CD1QW6fjgTwKq3Pj97nty28WZAVkziNom,0.0046386392787098885,0.061803188174963,-0.05716454889625311,0.05716454889625311,False,False,False,False,True
0,34106,155Yn1CkpfWrsemcsDgweJ9SCe7YB9Yq4v,47,12cgpFdJViXbwHbhrA3TuW1EGnL25Zqc3P,0.01461632177233696,0.29732546210289,-0.28270914033055305,0.28270914033055305,False,False,False,False,True
0,232072,1PAfK6aWecbHjbGPF76MzbJZVQC72nbfyU,47,1N52wHoVR79PMDishab2XmRHsbekCdGquK,0.004316560458391905,0.0052382550202310085,-0.0009216945618391037,0.0009216945618391037,False,False,False,False,True
0,91161,1AJEpQKAFeiq3CvXyza6wP7RwgmQiBQLDh,48,1BeMxB9sS5gAnKYUJuSTms39PQBEipDEYS,0.03308212757110596,0.047063760459423065,-0.013981632888317108,0.013981632888317108,False,False,False,False,True
0,91161,1AJEpQKAFeiq3CvXyza6wP7RwgmQiBQLDh,48,1GX28yLjVWux7ws4UQ9FB4MnLH4UKTPK2z,0.03308212757110596,0.037417035549879074,-0.004334907978773117,0.004334907978773117,False,False,False,False,True
0,91161,1AJEpQKAFeiq3CvXyza6wP7RwgmQiBQLDh,48,1H1WS2tFx5yCsxtefs9PSTdqVX2mduyf3b,0.03308212757110596,0.037039097398519516,-0.003956969827413559,0.003956969827413559,False,False,False,False,True
0,219466,1N1d6xw5R1L6SW6Uhx5pbtnN3tZd5ZAMyF,44,1N52wHoVR79PMDishab2XmRHsbekCdGquK,0.0023025658447295427,0.002090577967464924,0.00021198787726461887,0.00021198787726461887,False,False,False,True,False
0,231586,1P7zd6AZuzPPC5qP6xoHdEqEaNkQTcs4Zp,44,1Lsqcv4cg5zUctNi2qwNxMkrv1GeBboSUJ,0.0039055098313838243,0.005858674645423889,-0.001953164814040065,0.001953164814040065,False,False,False,False,True
0,263434,38vrdt56yCTRfwE8oZvXdzdDvGJGEyKLmi,48,1GX28yLjVWux7ws4UQ9FB4MnLH4UKTPK2z,0.0068022143095731735,0.08407311886548996,-0.07727090455591679,0.07727090455591679,False,False,False,False,True
0,279016,3HqKPacz2Dvf8yTTB1TuBWSjDVBRoxtHq5,49,14UZrrYi4scVFTSRY8dvrurvWi9bkbxdpq,0.0031559739727526903,0.00350356986746192,-0.00034759589470922947,0.00034759589470922947,False,False,False,False,True
0,279016,3HqKPacz2Dvf8yTTB1TuBWSjDVBRoxtHq5,49,1N52wHoVR79PMDishab2XmRHsbekCdGquK,0.0031559739727526903,0.004413686227053404,-0.0012577122543007135,0.0012577122543007135,False,False,False,False,True
0,287642,3NuhYL5Mc6Gj1aW3RY7CEQqX7PkfneXehf,48,1GX28yLjVWux7ws4UQ9FB4MnLH4UKTPK2z,0.0063012889586389065,0.07122485339641571,-0.0649235644377768,0.0649235644377768,False,False,False,False,True
0,172467,1HhdhDCidtzCoMVBWnG13rjaqmJNRXZSfo,43,12ftmJ5cExVeMzQYyEVQULBSFamLV7hZRK,0.0024677072651684284,0.002441596472635865,2.611079253256321e-05,2.611079253256321e-05,False,False,False,True,False
0,172467,1HhdhDCidtzCoMVBWnG13rjaqmJNRXZSfo,43,1N52wHoVR79PMDishab2XmRHsbekCdGquK,0.0024677072651684284,0.002787041012197733,-0.0003193337470293045,0.0003193337470293045,False,False,False,False,True
0,552,114oFpbDwhJ8LBGBFuCVwUUU5sKLCcnaFn,47,1N52wHoVR79PMDishab2XmRHsbekCdGquK,0.02622557245194912,0.03612420707941055,-0.009898634627461433,0.009898634627461433,False,False,False,False,True
0,80169,19Jmr4Qf7WDqunAUgCPXimmSDkDoUwwev1,48,16MmqdD16H73n2j8wf3BKxQM7fU3AqbTdB,0.002432031324133277,0.002553932834416628,-0.00012190151028335094,0.00012190151028335094,False,False,False,False,True
0,80169,19Jmr4Qf7WDqunAUgCPXimmSDkDoUwwev1,48,1LArxtgZkturKi8PTCtht15bnfFQqvXNqp,0.002432031324133277,0.0024841169361025095,-5.208561196923256e-05,5.208561196923256e-05,False,False,False,False,True
0,80169,19Jmr4Qf7WDqunAUgCPXimmSDkDoUwwev1,48,1LFH1hTpmXnn2ez7gkTdzE5D8KmHiWwksg,0.002432031324133277,0.0023689577355980873,6.307358853518963e-05,6.307358853518963e-05,False,False,False,True,False
0,80169,19Jmr4Qf7WDqunAUgCPXimmSDkDoUwwev1,48,1N52wHoVR79PMDishab2XmRHsbekCdGquK,0.002432031324133277,0.0025928604882210493,-0.00016082916408777237,0.00016082916408777237,False,False,False,False,True
0,80169,19Jmr4Qf7WDqunAUgCPXimmSDkDoUwwev1,48,3QrGqud1UWr4XL6PEg73KMDsNJHhirbWwx,0.002432031324133277,0.00238548731431365,4.654400981962681e-05,4.654400981962681e-05,False,False,False,True,False
0,175297,1Hy9riX3QPoh5G2XrQvLFfjbLMSvBkocjq,45,14SifL9W3TCMgaWrwrp1C1bSAsx3UX3FRC,0.04056002199649811,0.04617556929588318,-0.005615547299385071,0.005615547299385071,False,False,False,False,True
0,175297,1Hy9riX3QPoh5G2XrQvLFfjbLMSvBkocjq,45,17A16QmavnUfCW11DAApiJxp7ARnxN5pGX,0.04056002199649811,0.059962350875139236,-0.01940232887864113,0.01940232887864113,False,False,False,False,True
0,175297,1Hy9riX3QPoh5G2XrQvLFfjbLMSvBkocjq,45,192TAu3s3AYfXG4f5r45FWjJm9iizMH21f,0.04056002199649811,0.03298647329211235,0.0075735487043857574,0.0075735487043857574,False,False,False,True,False
0,175297,1Hy9riX3QPoh5G2XrQvLFfjbLMSvBkocjq,45,1GUY31ZGPGRyt8TiUVJaACw49gKkVKXa1v,0.04056002199649811,0.032802075147628784,0.007757946848869324,0.007757946848869324,False,False,False,True,False
0,175297,1Hy9riX3QPoh5G2XrQvLFfjbLMSvBkocjq,45,1N52wHoVR79PMDishab2XmRHsbekCdGquK,0.04056002199649811,0.06556002795696259,-0.025000005960464478,0.025000005960464478,False,False,False,False,True
0,167673,1HFv2bJ94LRtTdM4NpdkVjJRqS54YZQgPW,45,1N52wHoVR79PMDishab2XmRHsbekCdGquK,0.003183362539857626,0.003563350299373269,-0.0003799877595156431,0.0003799877595156431,False,False,False,False,True
0,167673,1HFv2bJ94LRtTdM4NpdkVjJRqS54YZQgPW,45,1NjzqmwvnFvHj3xPGpAwYNoaXHQw5XjGAk,0.003183362539857626,0.0030925499740988016,9.081256575882435e-05,9.081256575882435e-05,False,False,False,True,False
0,232778,1PEMNePUbsq9oNWcvbWZn1aoyU9H2aC2NV,45,1N52wHoVR79PMDishab2XmRHsbekCdGquK,0.002637348370626569,0.003010144457221031,-0.0003727960865944624,0.0003727960865944624,False,False,False,False,True
0,232778,1PEMNePUbsq9oNWcvbWZn1aoyU9H2aC2NV,45,1NjzqmwvnFvHj3xPGpAwYNoaXHQw5XjGAk,0.002637348370626569,0.0025815365370362997,5.581183359026909e-05,5.581183359026909e-05,False,False,False,True,False
0,232778,1PEMNePUbsq9oNWcvbWZn1aoyU9H2aC2NV,45,37ZUmhj9ksvGaYKaACoaALsWpG1f2nM1Tw,0.002637348370626569,0.002578189130872488,5.915923975408077e-05,5.915923975408077e-05,False,False,False,True,False
0,138246,1Eb7aMDMtbwzroEjsrNko9bEq8xdmww7MG,47,1N52wHoVR79PMDishab2XmRHsbekCdGquK,0.005083728116005659,0.00603478355333209,-0.0009510554373264313,0.0009510554373264313,False,False,False,False,True
0,118864,1CoHZqcd7EPwPm4Fz8TGvn1ZfsQ6eoYf2g,47,326DgM2u3F34ZLcUUFes4TeXdiaVCNus5h,0.051485031843185425,0.3252981901168823,-0.2738131582736969,0.2738131582736969,False,False,False,False,True
0,241093,1Q14TJytHM3gDdvmRwugtKy675xKJAoXzJ,48,1GX28yLjVWux7ws4UQ9FB4MnLH4UKTPK2z,0.006238024681806564,0.06982338428497314,-0.06358535960316658,0.06358535960316658,False,False,False,False,True
0,216847,1MmtuUustpJJmnuEQT9VFYH1CqLRVSiygn,47,12cgpFdJViXbwHbhrA3TuW1EGnL25Zqc3P,0.2952288091182709,0.7231391668319702,-0.42791035771369934,0.42791035771369934,False,False,False,False,True
0,215156,1Md54oGbX4R5Jqe2SRx9LqodT1NNCLU6NP,48,16MmqdD16H73n2j8wf3BKxQM7fU3AqbTdB,0.0024302098900079727,0.0025547004770487547,-0.00012449058704078197,0.00012449058704078197,False,False,False,False,True
0,215156,1Md54oGbX4R5Jqe2SRx9LqodT1NNCLU6NP,48,1LArxtgZkturKi8PTCtht15bnfFQqvXNqp,0.0024302098900079727,0.0024862908758223057,-5.608098581433296e-05,5.608098581433296e-05,False,False,False,False,True
0,215156,1Md54oGbX4R5Jqe2SRx9LqodT1NNCLU6NP,48,1LFH1hTpmXnn2ez7gkTdzE5D8KmHiWwksg,0.0024302098900079727,0.002365806605666876,6.440328434109688e-05,6.440328434109688e-05,False,False,False,True,False
0,215156,1Md54oGbX4R5Jqe2SRx9LqodT1NNCLU6NP,48,1N52wHoVR79PMDishab2XmRHsbekCdGquK,0.0024302098900079727,0.00259695528075099,-0.0001667453907430172,0.0001667453907430172,False,False,False,False,True
0,215156,1Md54oGbX4R5Jqe2SRx9LqodT1NNCLU6NP,48,3QrGqud1UWr4XL6PEg73KMDsNJHhirbWwx,0.0024302098900079727,0.00238060369156301,4.96061984449625e-05,4.96061984449625e-05,False,False,False,True,False
0,60076,17UZ962BbpEQRhoQzq2rMSSmbTvYVDB28V,48,1Dmfzx6t7wqbUw2tRg1RPVf77RSQqxDf6Z,0.780592679977417,0.7273547053337097,0.053237974643707275,0.053237974643707275,False,False,False,True,False
0,60076,17UZ962BbpEQRhoQzq2rMSSmbTvYVDB28V,48,1MxJLAQnaJvBT2S5xu7GXJRvGCY3UYD5DX,0.780592679977417,0.8439679741859436,-0.06337529420852661,0.06337529420852661,False,False,False,False,True
0,60076,17UZ962BbpEQRhoQzq2rMSSmbTvYVDB28V,48,3Fq94XUnbnbSt6HWuNEEDMqnZkagvkaRXb,0.780592679977417,0.7972332835197449,-0.01664060354232788,0.01664060354232788,False,False,False,False,True
0,277635,3H2dFVBUwgYcWyGKaL1BozarDaevAgtBYz,42,17A16QmavnUfCW11DAApiJxp7ARnxN5pGX,0.007916195318102837,0.03206643462181091,-0.024150239303708076,0.024150239303708076,False,False,False,False,True
0,130189,1DqZKUhJL3BuTwtL6aU6P769Xd7uPPcBc2,48,1MnbSZYppjx7BegNoUkPYr9Gkt9xCq65Fp,0.003038694616407156,0.0033656414598226547,-0.00032694684341549873,0.00032694684341549873,False,False,False,False,True
0,130189,1DqZKUhJL3BuTwtL6aU6P769Xd7uPPcBc2,48,1N52wHoVR79PMDishab2XmRHsbekCdGquK,0.003038694616407156,0.003984485287219286,-0.00094579067081213,0.00094579067081213,False,False,False,False,True
0,11637,131g491ZbgDhGQk1o4B6dVzYinkLBXwNDY,49,12FaA8rGuVBmJu6xx6kAeHAK8EgF8pEXpH,0.0021272008307278156,0.0022937613539397717,-0.00016656052321195602,0.00016656052321195602,False,False,False,False,True
0,11637,131g491ZbgDhGQk1o4B6dVzYinkLBXwNDY,49,1N52wHoVR79PMDishab2XmRHsbekCdGquK,0.0021272008307278156,0.002125873463228345,1.3273674994707108e-06,1.3273674994707108e-06,False,False,False,True,False
0,266821,3ArmVCmgUbdNpS66zr7LSGXvkGmJZHWzQk,46,17A16QmavnUfCW11DAApiJxp7ARnxN5pGX,0.0034075379371643066,0.004295682534575462,-0.0008881445974111557,0.0008881445974111557,False,False,False,False,True
0,129282,1Dkr8or6B91bK9hGkzR2wkRGiZuUq6A5m4,49,1N52wHoVR79PMDishab2XmRHsbekCdGquK,0.002372107235714793,0.002108287764713168,0.00026381947100162506,0.00026381947100162506,False,False,False,True,False
0,28901,14bsNg9WNj1ZWPzaZpy8tmo6J45gda4XZy,42,14NimFe76Rnnkdr13WZkTgSj5A4X1xDqm9,0.040019165724515915,0.03383508697152138,0.006184078752994537,0.006184078752994537,False,False,False,True,False
0,145607,1FFmKCDSg6emJ1ngk5JbYPTWrKk18Cy6ZN,46,326DgM2u3F34ZLcUUFes4TeXdiaVCNus5h,0.0836692526936531,0.258686363697052,-0.1750171110033989,0.1750171110033989,False,False,False,False,True
0,145607,1FFmKCDSg6emJ1ngk5JbYPTWrKk18Cy6ZN,46,37Es3qSdMZ5pc6E8ZFgbWM5YXLD4zG6B5b,0.0836692526936531,0.04865652695298195,0.03501272574067116,0.03501272574067116,False,False,False,True,False
0,204548,1LeTysEdFzgVAm9J5DTvsfRxQTnrEEzTXq,42,17A16QmavnUfCW11DAApiJxp7ARnxN5pGX,0.0030332377646118402,0.007615107111632824,-0.004581869347020984,0.004581869347020984,False,False,False,False,True
0,129169,1DkH4YqeeYRjk87BpkugiWKdDkxtdP4aV9,43,14mgSL6jyU6P8zmAV6SNQsD5Bp9R2dkgzW,0.04322712495923042,0.06638924777507782,-0.023162122815847397,0.023162122815847397,False,False,False,False,True
0,129169,1DkH4YqeeYRjk87BpkugiWKdDkxtdP4aV9,43,1H1WS2tFx5yCsxtefs9PSTdqVX2mduyf3b,0.04322712495923042,0.06251455098390579,-0.01928742602467537,0.01928742602467537,False,False,False,False,True
0,165036,1H2ApjUbEk7zTinWjREeMUQhdcKWrvyHFn,49,18c8Cvp8yEhviecmvH1vapi9VVRHsQtAm9,0.00695719663053751,0.009387675672769547,-0.0024304790422320366,0.0024304790422320366,False,False,False,False,True
0,165036,1H2ApjUbEk7zTinWjREeMUQhdcKWrvyHFn,49,1GgZXpt2tguNzjGm6vqZKfvXWWYb325cwX,0.00695719663053751,0.00753399170935154,-0.0005767950788140297,0.0005767950788140297,False,False,False,False,True
0,151714,1FpEjfzHopCPY35Krpx3qqw8eh2oerTK4U,45,1GgE9KezSogQB4kEeNDx9nYjY8cPMp23aQ,0.003336068242788315,0.0035180600825697184,-0.00018199183978140354,0.00018199183978140354,False,False,False,False,True
0,151714,1FpEjfzHopCPY35Krpx3qqw8eh2oerTK4U,45,1N52wHoVR79PMDishab2XmRHsbekCdGquK,0.003336068242788315,0.004146667197346687,-0.0008105989545583725,0.0008105989545583725,False,False,False,False,True
0,23402,1469Rimrffb3NgnLLy2aX9mRwrkdtuWrQy,48,1BrT827NCgxjctnEBdLiuDzukupwWHP1i2,0.05765753611922264,0.030368385836482048,0.027289150282740593,0.027289150282740593,False,False,False,True,False
0,81415,19RMRvB13jyMLUXUx7sX9w6Fc9W4xVt5qj,48,1BrT827NCgxjctnEBdLiuDzukupwWHP1i2,0.016184616833925247,0.018730878829956055,-0.0025462619960308075,0.0025462619960308075,False,False,False,False,True
0,10461,12uQTV9seb4kfG7x4ADQyqMMFGm1x2kkzi,48,1GX28yLjVWux7ws4UQ9FB4MnLH4UKTPK2z,0.007594655733555555,0.10826867073774338,-0.10067401500418782,0.10067401500418782,False,False,False,False,True
0,275718,3FsQzQs6XmSxasGYzWb7rgo8ScAwnMmcFN,48,1EDa9J66WCdoAvAPFEoSSCC4zaeasxutB3,0.006178840529173613,0.006182331126183271,-3.4905970096588135e-06,3.4905970096588135e-06,False,False,False,False,True
0,275718,3FsQzQs6XmSxasGYzWb7rgo8ScAwnMmcFN,48,1N52wHoVR79PMDishab2XmRHsbekCdGquK,0.006178840529173613,0.008453245274722576,-0.0022744047455489635,0.0022744047455489635,False,False,False,False,True
0,17791,13aSEJ6Ft8rqDD3aS5zrCpMZfprERnz7yP,44,17A16QmavnUfCW11DAApiJxp7ARnxN5pGX,0.0027020741254091263,0.03804069384932518,-0.035338619723916054,0.035338619723916054,False,False,False,False,True
0,149409,1Fc1EAmtH6o5YZ7gKJSacmBJJm9NZAk9by,45,14pPG8TmtdMtvCTUDrHe7GJVxYBQkLykyk,0.017203865572810173,0.003840961493551731,0.013362904079258442,0.013362904079258442,False,False,False,True,False
0,149409,1Fc1EAmtH6o5YZ7gKJSacmBJJm9NZAk9by,45,1N52wHoVR79PMDishab2XmRHsbekCdGquK,0.017203865572810173,0.03180807828903198,-0.01460421271622181,0.01460421271622181,False,False,False,False,True
0,149409,1Fc1EAmtH6o5YZ7gKJSacmBJJm9NZAk9by,45,3CBMMJzWH9pRLtZNNhWTaYmp2TP46bNCNf,0.017203865572810173,0.014565026387572289,0.0026388391852378845,0.0026388391852378845,False,False,False,True,False
0,271251,3DKtDhfSNzTALhZk8sPxk4Ag4BZ2QHMpAB,48,1GX28yLjVWux7ws4UQ9FB4MnLH4UKTPK2z,0.009722836315631866,0.17022377252578735,-0.1605009362101555,0.1605009362101555,False,False,False,False,True
0,172666,1HiiuQPFdQrRL4maTn2puqnd1Ku9zfnDoR,48,1GX28yLjVWux7ws4UQ9FB4MnLH4UKTPK2z,0.05636949464678764,0.8987487554550171,-0.8423792608082294,0.8423792608082294,False,False,False,False,True
0,258962,36HuQPF1qY2HYYqnL3u7vkPxtFdPvCZD3h,47,1L499U3amJra1Q8n3pYi3urMxRcdkattK5,0.24440445005893707,0.24804475903511047,-0.003640308976173401,0.003640308976173401,False,False,False,False,True
0,258962,36HuQPF1qY2HYYqnL3u7vkPxtFdPvCZD3h,47,1N52wHoVR79PMDishab2XmRHsbekCdGquK,0.24440445005893707,0.2924700677394867,-0.04806561768054962,0.04806561768054962,False,False,False,False,True
0,86160,19rfeHypsY9Eq1X69r7jgaGFzyZd7qxsFs,48,12cgpFdJViXbwHbhrA3TuW1EGnL25Zqc3P,0.01605011336505413,0.46190130710601807,-0.44585119374096394,0.44585119374096394,False,False,False,False,True
0,30980,14nYVLxVaKYKYmSqkPm81RwParRqaHNk8G,44,31kuXQYcrAeZcgH75suHnGeRKrBJ3wk5xC,0.35090354084968567,0.47642990946769714,-0.12552636861801147,0.12552636861801147,False,False,False,False,True
0,192379,1KXDp686MxRyxyHEXcs4TeZ3EnRbwy41o4,44,12cgpFdJViXbwHbhrA3TuW1EGnL25Zqc3P,0.010810144245624542,0.5021682381629944,-0.49135809391736984,0.49135809391736984,False,False,False,False,True
0,23091,144W5tdG5QEoZXZ28CDtjshuXy7H81Mctx,42,12cgpFdJViXbwHbhrA3TuW1EGnL25Zqc3P,0.016878169029951096,0.08436693251132965,-0.06748876348137856,0.06748876348137856,False,False,False,False,True
0,280239,3Jajffc9SV9QAtsr8gQaWuVp7zznkj2MF2,47,3QzBrZfgQsXNS8UPbsVGgPohn4xyepWeYv,0.004310596734285355,0.0037832893431186676,0.000527307391166687,0.000527307391166687,False,False,False,True,False
0,41632,15nck75DBrVfSB9zqPqERU3ogdb35P1Vdq,49,36kVGjtzVV9ruhsoQd3sV3YGqhnppKMT52,0.003576869610697031,0.004111442249268293,-0.0005345726385712624,0.0005345726385712624,False,False,False,False,True
0,105557,1BbvP66nxb2K7BGpXek6wQj74zFEXagy97,48,195U2E6728LZ3S6BJ3Lj6e8wQ4FtM13cQp,0.02288971282541752,0.015847191214561462,0.007042521610856056,0.007042521610856056,False,False,False,True,False
0,105557,1BbvP66nxb2K7BGpXek6wQj74zFEXagy97,48,1GwLCDBY7DVA3vbGPuagLYnGbSSYrieiRV,0.02288971282541752,0.0238023828715086,-0.0009126700460910797,0.0009126700460910797,False,False,False,False,True
0,105557,1BbvP66nxb2K7BGpXek6wQj74zFEXagy97,48,1LUA6Vdz8rV1soVusdoHm2yRMK7EHchGNu,0.02288971282541752,0.013629782013595104,0.009259930811822414,0.009259930811822414,False,False,False,True,False
0,105557,1BbvP66nxb2K7BGpXek6wQj74zFEXagy97,48,1MEe2mebed8wopvy8xyjjHcEQHUPVJn2UC,0.02288971282541752,0.08872766047716141,-0.06583794765174389,0.06583794765174389,False,False,False,False,True
0,204005,1LbTDvB8CzWqaXbR6jRW74nNzQF457f7r2,47,326DgM2u3F34ZLcUUFes4TeXdiaVCNus5h,0.03592059388756752,0.09634552896022797,-0.060424935072660446,0.060424935072660446,False,False,False,False,True
0,204005,1LbTDvB8CzWqaXbR6jRW74nNzQF457f7r2,47,3EeEe8268WU5bhordhLPdWowcytL9ThEqj,0.03592059388756752,0.04121844470500946,-0.00529785081744194,0.00529785081744194,False,False,False,False,True
0,204005,1LbTDvB8CzWqaXbR6jRW74nNzQF457f7r2,47,3LspjRRVhwRR1JgMC3FWbynwDTsBfAVpaA,0.03592059388756752,0.012547590769827366,0.023373003117740154,0.023373003117740154,False,False,False,True,False
0,232581,1PDGfzpQW21e8AbgcbSNqYsCtVaqkhYgGg,47,16qCPeR7GCXntamDPap76vjhMNm8rjBFB8,0.012934290803968906,0.3663100004196167,-0.3533757096156478,0.3533757096156478,False,False,False,False,True
0,110319,1C25MZHHhsUokjngU7quQcBqcmDSwbmaoV,49,1N52wHoVR79PMDishab2XmRHsbekCdGquK,0.0021358877420425415,0.002153195906430483,-1.730816438794136e-05,1.730816438794136e-05,False,False,False,False,True
0,110319,1C25MZHHhsUokjngU7quQcBqcmDSwbmaoV,49,1NQBGzauPvdiqQNCkH1GgnScRH4ukJF2Po,0.0021358877420425415,0.0022927774116396904,-0.0001568896695971489,0.0001568896695971489,False,False,False,False,True
0,143739,1F6H8EepQhE4S31ECkb7EEUqgMVXKYdTdp,43,1GQmweAj7Lqwzs4eD8u6DjGA8da2kaG93S,0.011833672411739826,0.009514101780951023,0.002319570630788803,0.002319570630788803,False,False,False,True,False
0,120320,1Cvh4VSenq7p3enG5hHWx6e7ZWf9Ss5uNZ,45,1N52wHoVR79PMDishab2XmRHsbekCdGquK,0.006976234260946512,0.007698116824030876,-0.0007218825630843639,0.0007218825630843639,False,False,False,False,True
0,54163,16w3H4ZvCHxf1UXip5pUtN2XBMiM8G8GfJ,43,17A16QmavnUfCW11DAApiJxp7ARnxN5pGX,0.00251797866076231,0.023726385086774826,-0.021208406426012516,0.021208406426012516,False,False,False,False,True
0,3942,12HQ1PkFybsqJK5taHcXSZ7SRpmazjL5oT,42,33GrBTaXsyBSfyeKaQSbBbyFBn2wiV8JGd,0.008272599428892136,0.026121048256754875,-0.01784844882786274,0.01784844882786274,False,False,False,False,True
0,3942,12HQ1PkFybsqJK5taHcXSZ7SRpmazjL5oT,42,37keHMHKsGzLnCvNmtfv38o5EMqrFq4DK3,0.008272599428892136,0.011780624277889729,-0.003508024848997593,0.003508024848997593,False,False,False,False,True
0,204565,1LeYq3EAJ6UjAHNPy2NPg74tr6rNNdswf9,48,1GX28yLjVWux7ws4UQ9FB4MnLH4UKTPK2z,0.006257383618503809,0.07025063782930374,-0.06399325421079993,0.06399325421079993,False,False,False,False,True
0,90806,1AGJUUJJ5uRyAwxpcfpX5KKosYwWDte2Q3,43,12cgpFdJViXbwHbhrA3TuW1EGnL25Zqc3P,0.008619715459644794,0.007592348847538233,0.0010273666121065617,0.0010273666121065617,False,False,False,True,False
0,59191,17Pig5tTNUVhEmvkH9YC1LHMffpiEUZutP,48,16MmqdD16H73n2j8wf3BKxQM7fU3AqbTdB,0.002430857392027974,0.0025537577457726,-0.00012290035374462605,0.00012290035374462605,False,False,False,False,True
0,59191,17Pig5tTNUVhEmvkH9YC1LHMffpiEUZutP,48,1LArxtgZkturKi8PTCtht15bnfFQqvXNqp,0.002430857392027974,0.002484459662809968,-5.3602270781993866e-05,5.3602270781993866e-05,False,False,False,False,True
0,59191,17Pig5tTNUVhEmvkH9YC1LHMffpiEUZutP,48,1LFH1hTpmXnn2ez7gkTdzE5D8KmHiWwksg,0.002430857392027974,0.0023672182578593493,6.363913416862488e-05,6.363913416862488e-05,False,False,False,True,False
0,59191,17Pig5tTNUVhEmvkH9YC1LHMffpiEUZutP,48,1N52wHoVR79PMDishab2XmRHsbekCdGquK,0.002430857392027974,0.002593955723568797,-0.00016309833154082298,0.00016309833154082298,False,False,False,False,True
0,59191,17Pig5tTNUVhEmvkH9YC1LHMffpiEUZutP,48,3QrGqud1UWr4XL6PEg73KMDsNJHhirbWwx,0.002430857392027974,0.002383097540587187,4.7759851440787315e-05,4.7759851440787315e-05,False,False,False,True,False
0,192541,1KY4fQ6syo2BWdERr5qk3nVyWy5L6p6o7v,43,12ftmJ5cExVeMzQYyEVQULBSFamLV7hZRK,0.0023684201296418905,0.002315083285793662,5.3336843848228455e-05,5.3336843848228455e-05,False,False,False,True,False
0,192541,1KY4fQ6syo2BWdERr5qk3nVyWy5L6p6o7v,43,1N52wHoVR79PMDishab2XmRHsbekCdGquK,0.0023684201296418905,0.002724291989579797,-0.00035587185993790627,0.00035587185993790627,False,False,False,False,True
0,249446,1rKVJgtLvFHz1uZspxtmpn3jNnsP9UUtB,43,17A16QmavnUfCW11DAApiJxp7ARnxN5pGX,0.002717862371355295,0.018309686332941055,-0.01559182396158576,0.01559182396158576,False,False,False,False,True
0,254464,33fHq8yfZkwBuEd5F2cktchSh9FMePZW4U,42,1D7RLdKN1npShamM2DVcYPjTG9qbBs8xba,0.2958456873893738,0.4458017945289612,-0.1499561071395874,0.1499561071395874,False,False,False,False,True
0,180788,1JUJDKtwNWz7uqy7Fam8FMBqfNq5UacmbX,44,17A16QmavnUfCW11DAApiJxp7ARnxN5pGX,0.006291008088737726,0.0601830892264843,-0.05389208113774657,0.05389208113774657,False,False,False,False,True
0,185067,1Jrn4NR2kfAkwdv8HdWuYYD8L1LmjyST4w,44,1N52wHoVR79PMDishab2XmRHsbekCdGquK,0.0022939369082450867,0.0021281191147863865,0.00016581779345870018,0.00016581779345870018,False,False,False,True,False
0,97977,1AvvBDAjMCG36tPTdoSVwqYtWh3wjBsWeA,44,12cgpFdJViXbwHbhrA3TuW1EGnL25Zqc3P,0.009967737831175327,0.6771122813224792,-0.6671445434913039,0.6671445434913039,False,False,False,False,True
0,87863,1A1bMxWCM3MFdSuCAmkgRo1K3mb9FJxYQK,44,17A16QmavnUfCW11DAApiJxp7ARnxN5pGX,0.0023764942307025194,0.004285442177206278,-0.0019089479465037584,0.0019089479465037584,False,False,False,False,True
0,272345,3DyPiTbves2aZmzBrbn2rn7V5KaQoZoJK5,42,17A16QmavnUfCW11DAApiJxp7ARnxN5pGX,0.0029105436988174915,0.012783338315784931,-0.00987279461696744,0.00987279461696744,False,False,False,False,True
0,248238,1k1bmbuzx6NiXzgiFqRuSMAnNVb3iti3r,45,3PwguWXaSxHmXRJi9rsPReUKYftekwhLbH,0.005152244120836258,0.09232264757156372,-0.08717040345072746,0.08717040345072746,False,False,False,False,True
0,44046,161bUG5BFCJPtVhHwyZ99FnLD5DW3LNJUZ,46,1N52wHoVR79PMDishab2XmRHsbekCdGquK,0.00492711178958416,0.005549788009375334,-0.0006226762197911739,0.0006226762197911739,False,False,False,False,True
0,176175,1J3dYxJ2q4BB9DxGdc9kTkd7KzK5koott7,45,3BU7pDGrxi1tRLuhwJeddw6yag8CSGv5PT,0.9141793847084045,0.9142885208129883,-0.00010913610458374023,0.00010913610458374023,False,False,False,False,True
0,176175,1J3dYxJ2q4BB9DxGdc9kTkd7KzK5koott7,45,3CVwmiZtHw2MB7tNRne5PAHdC48EoYZ2Kg,0.9141793847084045,0.9244495034217834,-0.010270118713378906,0.010270118713378906,False,False,False,False,True
0,176175,1J3dYxJ2q4BB9DxGdc9kTkd7KzK5koott7,45,3JwrLWjLai27iSAyN2KFotowLcAarGv94L,0.9141793847084045,0.9264786243438721,-0.01229923963546753,0.01229923963546753,False,False,False,False,True
0,176175,1J3dYxJ2q4BB9DxGdc9kTkd7KzK5koott7,45,3KHQYoaHMiDB2wsdcfsXCSJeE7woQ6GriH,0.9141793847084045,0.9322913289070129,-0.0181119441986084,0.0181119441986084,False,False,False,False,True
0,176175,1J3dYxJ2q4BB9DxGdc9kTkd7KzK5koott7,45,3KsDoGVFrDhoqtkVkgz1Yipv93Xza43Qcu,0.9141793847084045,0.9164753556251526,-0.002295970916748047,0.002295970916748047,False,False,False,False,True
0,100082,1B7hUzFLLhiGcP15rHGMug26QxazqQ2FDr,48,1BrT827NCgxjctnEBdLiuDzukupwWHP1i2,0.06557302922010422,0.040159568190574646,0.02541346102952957,0.02541346102952957,False,False,False,True,False
0,190019,1KK5JHFXBNGEb38pCznTNfWpiq2Vri3iGp,47,18BonsqajX1vcRQti1EWfoZDGf84aYeqpy,0.004433144349604845,0.004919587168842554,-0.00048644281923770905,0.00048644281923770905,False,False,False,False,True
0,190019,1KK5JHFXBNGEb38pCznTNfWpiq2Vri3iGp,47,1GV3N1VApdcCkeZ3r8LbacmHfcHrFLiGiR,0.004433144349604845,0.004997302778065205,-0.0005641584284603596,0.0005641584284603596,False,False,False,False,True
0,190019,1KK5JHFXBNGEb38pCznTNfWpiq2Vri3iGp,47,1PpqtvrMTtHiiGZ4a2z9iVhTod6xC3cCvM,0.004433144349604845,0.00534169003367424,-0.0009085456840693951,0.0009085456840693951,False,False,False,False,True
0,190019,1KK5JHFXBNGEb38pCznTNfWpiq2Vri3iGp,47,1eSkZqiDWxoTggz6KUC1koHAP75iK4NQh,0.004433144349604845,0.0040957145392894745,0.00033742981031537056,0.00033742981031537056,False,False,False,True,False
0,106789,1BiBddSVHHkj5kYuUVAhpsrP7zZh1nTVBK,42,1GQmweAj7Lqwzs4eD8u6DjGA8da2kaG93S,0.009201559238135815,0.018202871084213257,-0.009001311846077442,0.009001311846077442,False,False,False,False,True
0,65258,17wYnAYvpvizXDUJMBPPtPtzezDCzSkPAW,45,1N52wHoVR79PMDishab2XmRHsbekCdGquK,0.0027183275669813156,0.0037711758632212877,-0.0010528482962399721,0.0010528482962399721,False,False,False,False,True
0,143087,1F2zbHmoQuDemvTMP6B3AZfBmsNtYuxENo,48,1GX28yLjVWux7ws4UQ9FB4MnLH4UKTPK2z,0.010631038807332516,0.22385753691196442,-0.2132264981046319,0.2132264981046319,False,False,False,False,True
0,189016,1KE4tj1K9S4UAuBcSzYVBmbJzuuw7csPKF,44,17A16QmavnUfCW11DAApiJxp7ARnxN5pGX,0.03813454136252403,0.12572669982910156,-0.08759215846657753,0.08759215846657753,False,False,False,False,True
0,134809,1EGdMMpmYkXeHm14nWkPDW53tACXkW9HSi,44,1FRCAsP1c12HCjgGdTYDgwLnrwyA6dFwRE,0.01994619332253933,0.05222178250551224,-0.03227558918297291,0.03227558918297291,False,False,False,False,True
0,134809,1EGdMMpmYkXeHm14nWkPDW53tACXkW9HSi,44,1GX28yLjVWux7ws4UQ9FB4MnLH4UKTPK2z,0.01994619332253933,0.024267954751849174,-0.004321761429309845,0.004321761429309845,False,False,False,False,True
0,212152,1MLniwjqT1tHUab3FenSmiLrNYVxiAF1ty,48,1GX28yLjVWux7ws4UQ9FB4MnLH4UKTPK2z,0.006211427506059408,0.06923846155405045,-0.06302703404799104,0.06302703404799104,False,False,False,False,True
0,124836,1DM4T1wf4RHZsMsYrJnUkoksBEWXkoMhaf,49,18n7dKRY9ZGFYGfLpCo2hQyy7qDM5ug388,0.00307099730707705,0.0032532180193811655,-0.0001822207123041153,0.0001822207123041153,False,False,False,False,True
0,124836,1DM4T1wf4RHZsMsYrJnUkoksBEWXkoMhaf,49,1N52wHoVR79PMDishab2XmRHsbekCdGquK,0.00307099730707705,0.00361804966814816,-0.0005470523610711098,0.0005470523610711098,False,False,False,False,True
0,213331,1MTGMNFCxnv41t2riB3Y5fU6Bhr8rvB1AA,47,1KumbRsTcA6UNqU2MHEfqEFnAZYU3w3izR,0.006098244339227676,0.005685548763722181,0.00041269557550549507,0.00041269557550549507,False,False,False,True,False
0,249351,1qt7UyezCZz11T7oQ3L9o6dovJ6cFVvbN,45,1Nu5GC9hpp8THFuS7KcbScYVQCHbNtrLXz,0.0026894633192569017,0.0028812687378376722,-0.0001918054185807705,0.0001918054185807705,False,False,False,False,True
0,86516,19tRCfJyKzGsDf5cCYR3UVRDzLwkrGW9P2,45,17A16QmavnUfCW11DAApiJxp7ARnxN5pGX,0.0026622607838362455,0.04203636944293976,-0.03937410865910351,0.03937410865910351,False,False,False,False,True
0,107592,1BnJjZijwkWVDshkNNiH8yEwunHM4kYg3p,49,17A16QmavnUfCW11DAApiJxp7ARnxN5pGX,0.002662705024704337,0.043809790164232254,-0.04114708513952792,0.04114708513952792,False,False,False,False,True
0,168320,1HKUotHmDeJKUV7dLh8TBzpfT2MdYNRCD6,46,1N52wHoVR79PMDishab2XmRHsbekCdGquK,0.01044060755521059,0.012461824342608452,-0.0020212167873978615,0.0020212167873978615,False,False,False,False,True
0,261641,37sQBHhrpJ3Rzbn7UriXXsAtq2BYrypN3p,42,17A16QmavnUfCW11DAApiJxp7ARnxN5pGX,0.002779646310955286,0.008012156933546066,-0.00523251062259078,0.00523251062259078,False,False,False,False,True
0,159052,1GUfh6xuXRuSFL5f5UZn5r48gVs62TVBTh,44,17A16QmavnUfCW11DAApiJxp7ARnxN5pGX,0.0026952445041388273,0.03822935000061989,-0.03553410549648106,0.03553410549648106,False,False,False,False,True
0,186591,1K132bzJJT3vGLfQkgpvpqtk4zF7o816qQ,48,1BrT827NCgxjctnEBdLiuDzukupwWHP1i2,0.07372109591960907,0.04797932133078575,0.02574177458882332,0.02574177458882332,False,False,False,True,False
0,128506,1DgnE9zZ2CTxsrFYMPSeQUP7aV4B6fCScP,48,36SLihhtuJm4wJa9u7u3ULAt2tSSJxooA6,0.01893770322203636,0.022914515808224678,-0.003976812586188316,0.003976812586188316,False,False,False,False,True
0,151171,1FmcUReaNQPwWTnoTyZMvrCiPbLQy8nrPW,44,1FoxBitjXcBeZUS4eDzPZ7b124q3N7QJK7,0.03613898903131485,0.1965148150920868,-0.16037582606077194,0.16037582606077194,False,False,False,False,True
0,121446,1D36YqqENoeU1Ktfu9G6qPYPtJgwTiWzy,44,17A16QmavnUfCW11DAApiJxp7ARnxN5pGX,0.03064483404159546,0.14817804098129272,-0.11753320693969727,0.11753320693969727,False,False,False,False,True
0,163356,1GsM7fi71F8f1N2GHx3HpvSd3vBUFvo32C,42,12cgpFdJViXbwHbhrA3TuW1EGnL25Zqc3P,0.0036079613491892815,0.004349155817180872,-0.0007411944679915905,0.0007411944679915905,False,False,False,False,True
0,163356,1GsM7fi71F8f1N2GHx3HpvSd3vBUFvo32C,42,17A16QmavnUfCW11DAApiJxp7ARnxN5pGX,0.0036079613491892815,0.005084321368485689,-0.0014763600192964077,0.0014763600192964077,False,False,False,False,True
0,195779,1KpfTBk3SYFJVdW8LyYfx6b6FoP5eFQfts,42,3BuQmbmdce3e31GEovq5SgowLdfMgJzLDE,0.5750108361244202,0.8852883577346802,-0.31027752161026,0.31027752161026,False,False,False,False,True
0,156715,1GGUWCzitM6NsMztt3QMH4CTaaCnM4JAgy,44,125NYpUEF377vRqZ6Wp7p1uvrnecWS6C7D,0.8175875544548035,0.2040167599916458,0.6135707944631577,0.6135707944631577,False,False,False,True,False
0,156715,1GGUWCzitM6NsMztt3QMH4CTaaCnM4JAgy,44,12cgpFdJViXbwHbhrA3TuW1EGnL25Zqc3P,0.8175875544548035,0.9603523015975952,-0.14276474714279175,0.14276474714279175,False,True,True,False,True
0,241002,1Pzbub4HJZkLBMoWs7pAPTMrVifjJmo3ce,48,34JK3n7cnMCqaK8wQdNtFikdgjJoMVHTRp,0.7600942254066467,0.8309794664382935,-0.07088524103164673,0.07088524103164673,False,False,False,False,True
0,241002,1Pzbub4HJZkLBMoWs7pAPTMrVifjJmo3ce,48,3GRk2DcHrfqpB7DA6bGHCaV7V2jmKSsM7g,0.7600942254066467,0.7774028778076172,-0.01730865240097046,0.01730865240097046,False,False,False,False,True
0,123530,1DEFdTNGBtoFoc85mErptmKvTCyJKEoWkw,48,16RFW3RRmufWGCAfXpXYMpXneLvasBCZo2,0.15240666270256042,0.15920399129390717,-0.006797328591346741,0.006797328591346741,False,False,False,False,True
0,123530,1DEFdTNGBtoFoc85mErptmKvTCyJKEoWkw,48,1PGzmqixR2MEJ4RFGCip8KKGzHNi2ypHKW,0.15240666270256042,0.15609553456306458,-0.0036888718605041504,0.0036888718605041504,False,False,False,False,True
0,202531,1LSyn9ndTgCt4Z7o3pjFZhYvLu1g6kfd7V,45,17A16QmavnUfCW11DAApiJxp7ARnxN5pGX,0.015589515678584576,0.03871994465589523,-0.023130428977310658,0.023130428977310658,False,False,False,False,True
0,196644,1Ku6nW7N5S1nnGruRSquR9zLSmda58tMbp,47,1N52wHoVR79PMDishab2XmRHsbekCdGquK,0.00653661647811532,0.008112133480608463,-0.001575517002493143,0.001575517002493143,False,False,False,False,True
0,132850,1E61c32ZiH5Nh2HH6ybtg8SUHjeykh1LPm,48,12cgpFdJViXbwHbhrA3TuW1EGnL25Zqc3P,0.01138480007648468,0.008977564051747322,0.002407236024737358,0.002407236024737358,False,False,False,True,False
0,7288,12brYYHrLcNS3ZVVs754sdanaHG7zfyzQT,44,18KHC99YdrhywhsduAzYc1JXLKwZapuiJa,0.1061873510479927,0.11182582378387451,-0.005638472735881805,0.005638472735881805,False,False,False,False,True
0,7288,12brYYHrLcNS3ZVVs754sdanaHG7zfyzQT,44,1B6sXkGjzpz2FA88cSSGs5YjQ4Fk8i3wma,0.1061873510479927,0.11268852651119232,-0.0065011754631996155,0.0065011754631996155,False,False,False,False,True
0,7288,12brYYHrLcNS3ZVVs754sdanaHG7zfyzQT,44,1Ddoc6nTmQUC1cdy8NFmJmVwVS5CsST2Fa,0.1061873510479927,0.11185521632432938,-0.00566786527633667,0.00566786527633667,False,False,False,False,True
0,7288,12brYYHrLcNS3ZVVs754sdanaHG7zfyzQT,44,1EaV2UNqUzyvNhiajCxRjsTZWBkCrBNBVL,0.1061873510479927,0.11205221712589264,-0.005864866077899933,0.005864866077899933,False,False,False,False,True
0,44551,1648bR9WwQa4zj2a7NCqnfGD4kuyefzugS,45,17iXD5qnNkfUQvLFE665WgFVF6WCKxiT8x,0.002929435111582279,0.002712493296712637,0.00021694181486964226,0.00021694181486964226,False,False,False,True,False
0,44551,1648bR9WwQa4zj2a7NCqnfGD4kuyefzugS,45,1N52wHoVR79PMDishab2XmRHsbekCdGquK,0.002929435111582279,0.006440768484026194,-0.0035113333724439144,0.0035113333724439144,False,False,False,False,True
0,218560,1MvY6u7WVmpb3KoKg3fd85Eum8MHNiRwbr,46,17A16QmavnUfCW11DAApiJxp7ARnxN5pGX,0.0032654344104230404,0.005285920109599829,-0.0020204856991767883,0.0020204856991767883,False,False,False,False,True
0,184025,1JmRRGzphv5TAJ9f81S1AELdR3Wjz5bmBG,45,12cgpFdJViXbwHbhrA3TuW1EGnL25Zqc3P,0.010930387303233147,0.727532148361206,-0.7166017610579729,0.7166017610579729,False,False,False,False,True
0,104008,1BTrUL98mTQC77wzHmFLna3WqTbxWN4gs5,48,1GX28yLjVWux7ws4UQ9FB4MnLH4UKTPK2z,0.001841654535382986,0.003650706959888339,-0.001809052424505353,0.001809052424505353,False,False,False,False,True
0,78151,197fLanD4D9vcSJdDLuLHeLVvpwafTi4dw,42,1N52wHoVR79PMDishab2XmRHsbekCdGquK,0.005524217151105404,0.006855750922113657,-0.001331533771008253,0.001331533771008253,False,False,False,False,True
0,102521,1BLe75bHu2vfpbkzFyaTQ2kC5KrBmcLAED,48,1GX28yLjVWux7ws4UQ9FB4MnLH4UKTPK2z,0.006420237943530083,0.07390230894088745,-0.06748207099735737,0.06748207099735737,False,False,False,False,True
0,279796,3JKkhtPhzNs6RMvVxm5ss8Ez2TXTPuV53Q,46,3H5JQ7oZmUmu53E6o53bNx7pjL69GqJYYc,0.0984935387969017,0.012919542379677296,0.08557399641722441,0.08557399641722441,False,False,False,True,False
0,45631,169wMGptgcAaKax86jhHYvLBqj7yr6DxGM,48,1BrT827NCgxjctnEBdLiuDzukupwWHP1i2,0.07432392984628677,0.04919809475541115,0.025125835090875626,0.025125835090875626,False,False,False,True,False
0,134107,1ECwaJfNB19RSVihKqpy2rGpH4udGAZgXK,42,1N52wHoVR79PMDishab2XmRHsbekCdGquK,0.00378149445168674,0.0061231497675180435,-0.0023416553158313036,0.0023416553158313036,False,False,False,False,True
0,134107,1ECwaJfNB19RSVihKqpy2rGpH4udGAZgXK,42,3M1XKJMYxeKbdmLgwWWi7TPNtSuVKqEsJN,0.00378149445168674,0.004517424385994673,-0.0007359299343079329,0.0007359299343079329,False,False,False,False,True
0,137053,1EUXNDEC4yeasbwf64HL534oZzZ7bBS1V8,45,17A16QmavnUfCW11DAApiJxp7ARnxN5pGX,0.0026832432486116886,0.0033707155380398035,-0.0006874722894281149,0.0006874722894281149,False,False,False,False,True
0,137053,1EUXNDEC4yeasbwf64HL534oZzZ7bBS1V8,45,1N52wHoVR79PMDishab2XmRHsbekCdGquK,0.0026832432486116886,0.004560122732073069,-0.00187687948346138,0.00187687948346138,False,False,False,False,True
0,137053,1EUXNDEC4yeasbwf64HL534oZzZ7bBS1V8,45,31ziknMnZi5hXjTb7JqxfP5CeajSFoaBFy,0.0026832432486116886,0.0025804403703659773,0.00010280287824571133,0.00010280287824571133,False,False,False,True,False
0,75343,18sBKydW3z2M6Mr4cRYXKBbPqg6c14kMSG,48,1GX28yLjVWux7ws4UQ9FB4MnLH4UKTPK2z,0.0026663560420274734,0.011729954741895199,-0.009063598699867725,0.009063598699867725,False,False,False,False,True
0,121010,1Czhx282eNDdQKhgVg5s9crumZrmtthSbh,42,17A16QmavnUfCW11DAApiJxp7ARnxN5pGX,0.003031488973647356,0.003386144759133458,-0.0003546557854861021,0.0003546557854861021,False,False,False,False,True
0,121010,1Czhx282eNDdQKhgVg5s9crumZrmtthSbh,42,1N52wHoVR79PMDishab2XmRHsbekCdGquK,0.003031488973647356,0.0037879939191043377,-0.0007565049454569817,0.0007565049454569817,False,False,False,False,True
0,225803,1NbU6vEvbmxRcEkwnKPAJLqvFhixYHRuPv,42,1GQmweAj7Lqwzs4eD8u6DjGA8da2kaG93S,0.00916808471083641,0.017573796212673187,-0.008405711501836777,0.008405711501836777,False,False,False,False,True
0,181987,1Jag7VPPpqAAa6UQvhNeyf4PnVYad3HEf2,42,1GQmweAj7Lqwzs4eD8u6DjGA8da2kaG93S,0.009234225377440453,0.018791520968079567,-0.009557295590639114,0.009557295590639114,False,False,False,False,True
0,73830,18jHNK94uxU6J12N56ybXPcRy66TkYcQLu,47,12ucu9bHLe2w2ahjibVtp3xmdcGkgUmX4A,0.3472318947315216,0.5467545986175537,-0.1995227038860321,0.1995227038860321,False,False,False,False,True
0,73830,18jHNK94uxU6J12N56ybXPcRy66TkYcQLu,47,14yEMDi68H8Ei4Rq7dhfvWdAF3dU3iM48L,0.3472318947315216,0.5278623700141907,-0.18063047528266907,0.18063047528266907,False,False,False,False,True
0,73830,18jHNK94uxU6J12N56ybXPcRy66TkYcQLu,47,1DZcR1hd6cihEuPujZkjwe9mYBXpFjHZuv,0.3472318947315216,0.2366771250963211,0.1105547696352005,0.1105547696352005,False,False,False,True,False
0,73830,18jHNK94uxU6J12N56ybXPcRy66TkYcQLu,47,1MnaTZEoFJaXZcXmJw4vVXNfCmKQmW3Upd,0.3472318947315216,0.1669556200504303,0.1802762746810913,0.1802762746810913,False,False,False,True,False
0,73830,18jHNK94uxU6J12N56ybXPcRy66TkYcQLu,47,3PwguWXaSxHmXRJi9rsPReUKYftekwhLbH,0.3472318947315216,0.4216165244579315,-0.07438462972640991,0.07438462972640991,False,False,False,False,True
0,8116,12gUqwhtHE1BH1PXQgewCdXzghWSf6VqQi,47,1N52wHoVR79PMDishab2XmRHsbekCdGquK,0.00577759463340044,0.006283191032707691,-0.000505596399307251,0.000505596399307251,False,False,False,False,True
0,125393,1DQ27qFhGPiYgQmibPsVvwXRRjcSMoEK9j,47,12cgpFdJViXbwHbhrA3TuW1EGnL25Zqc3P,0.011280577629804611,0.9140352606773376,-0.902754683047533,0.902754683047533,False,False,False,False,True
0,209642,1M7UaALuoBiRsA6MTjB8xn8WfJn2Ai6tqQ,42,17A16QmavnUfCW11DAApiJxp7ARnxN5pGX,0.0029079802334308624,0.008738033473491669,-0.005830053240060806,0.005830053240060806,False,False,False,False,True
0,262455,38LJdvXo38i49gEytrQM9XNmGeeF5gkKhn,48,35MU2FpsCNepSLi7dMHJMNDzkoqhzroBKm,0.0788172110915184,0.07220186293125153,0.006615348160266876,0.006615348160266876,False,False,False,True,False
0,262455,38LJdvXo38i49gEytrQM9XNmGeeF5gkKhn,48,3PJf9xLejoRJrNzNc38dNMhrsR7uTRty5w,0.0788172110915184,0.10754957795143127,-0.028732366859912872,0.028732366859912872,False,False,False,False,True
0,92526,1ARoN7eZiZm7tVrDJxKFhSHyHvD3gCNSx3,45,12cgpFdJViXbwHbhrA3TuW1EGnL25Zqc3P,0.002305478323251009,0.0024441250134259462,-0.00013864669017493725,0.00013864669017493725,False,False,False,False,True
0,92526,1ARoN7eZiZm7tVrDJxKFhSHyHvD3gCNSx3,45,17A16QmavnUfCW11DAApiJxp7ARnxN5pGX,0.002305478323251009,0.0032586713787168264,-0.0009531930554658175,0.0009531930554658175,False,False,False,False,True
0,102608,1BM2itwQCXyzMquHwKpXPFqTUtNKaQm4GS,48,1GX28yLjVWux7ws4UQ9FB4MnLH4UKTPK2z,0.00616551423445344,0.06823471933603287,-0.06206920510157943,0.06206920510157943,False,False,False,False,True
