class,row,wallet,time,neighbor,full_probability,without_probability,delta,abs_delta,full_pred,without_pred,flip,support_suspicion,protective
1,1988,126t2Uo8SoUn7djGxjzbENQQbzsfSiiAXf,42,141Zu4pHzkYZefE2audb1FU1gRkJ1TNKT6,0.911693811416626,0.9841604828834534,-0.07246667146682739,0.07246667146682739,False,True,True,False,True
1,2122,127cyYh7Vc4J8W2PqwWvCtz24YtLdNfbHs,46,38BoHtepsEZyWoCRKKyAe9gKW8wp3aPouM,0.5816118717193604,0.4505622684955597,0.13104960322380066,0.13104960322380066,False,False,False,True,False
1,2915,12BnHTsE9qQWBgSoG3LWGnokKJtS6A1CKE,47,1H7iXk3DJBgqShM3ADiKGggQmqMNUMhogm,0.6588558554649353,0.6851587295532227,-0.026302874088287354,0.026302874088287354,False,False,False,False,True
1,7437,12ccSQ7vJZTXgQRkyVwTQGhFKaiqK14uAw,49,14Ni6kMXUbyRrJEXJxibR9qGKj7Pfq4y2C,0.4790336787700653,0.499416321516037,-0.02038264274597168,0.02038264274597168,False,False,False,False,True
1,7437,12ccSQ7vJZTXgQRkyVwTQGhFKaiqK14uAw,49,15DfNzRJw5TE7rSftM8gCSSopE7t5M56L3,0.4790336787700653,0.4822937250137329,-0.0032600462436676025,0.0032600462436676025,False,False,False,False,True
1,7437,12ccSQ7vJZTXgQRkyVwTQGhFKaiqK14uAw,49,15Nz69Kce3Vi51kTaZGaRJfpugdmLbBQVR,0.4790336787700653,0.478566974401474,0.0004667043685913086,0.0004667043685913086,False,False,False,True,False
1,7437,12ccSQ7vJZTXgQRkyVwTQGhFKaiqK14uAw,49,184ppwACtrAwHtwEunitcDTJTGjtND9zSH,0.4790336787700653,0.48364511132240295,-0.0046114325523376465,0.0046114325523376465,False,False,False,False,True
1,7437,12ccSQ7vJZTXgQRkyVwTQGhFKaiqK14uAw,49,1BpAh5B7C5xuf3DPfkuedWXsvbtGyUkmdu,0.4790336787700653,0.495981365442276,-0.016947686672210693,0.016947686672210693,False,False,False,False,True
1,7437,12ccSQ7vJZTXgQRkyVwTQGhFKaiqK14uAw,49,1Dd4oF92npCRg7odtWYyPevo92dQ7CGojK,0.4790336787700653,0.4879501163959503,-0.00891643762588501,0.00891643762588501,False,False,False,False,True
1,7437,12ccSQ7vJZTXgQRkyVwTQGhFKaiqK14uAw,49,1ESwcSQakENn8PnPesqpvRimPS4UQYAayZ,0.4790336787700653,0.4958776831626892,-0.0168440043926239,0.0168440043926239,False,False,False,False,True
1,7437,12ccSQ7vJZTXgQRkyVwTQGhFKaiqK14uAw,49,1ETyev2YxXFRRrF3Sb3y4JYKtEE3ftL293,0.4790336787700653,0.4830608665943146,-0.004027187824249268,0.004027187824249268,False,False,False,False,True
1,7437,12ccSQ7vJZTXgQRkyVwTQGhFKaiqK14uAw,49,1EaF8hf8gWgcACjej4LbKyw4EKCramQmiR,0.4790336787700653,0.49241992831230164,-0.013386249542236328,0.013386249542236328,False,False,False,False,True
1,7437,12ccSQ7vJZTXgQRkyVwTQGhFKaiqK14uAw,49,1GBVyC4n7ytZJicQjKB7oTD9HmyVvaK5xF,0.4790336787700653,0.4958462715148926,-0.01681259274482727,0.01681259274482727,False,False,False,False,True
1,7437,12ccSQ7vJZTXgQRkyVwTQGhFKaiqK14uAw,49,1HsfFANHq8KHV3kujDJLThowAT6VkUGunQ,0.4790336787700653,0.48971784114837646,-0.010684162378311157,0.010684162378311157,False,False,False,False,True
1,7437,12ccSQ7vJZTXgQRkyVwTQGhFKaiqK14uAw,49,1gve4i2TZGTbiKuSTRoGxceyaT6XBxPGg,0.4790336787700653,0.48971784114837646,-0.010684162378311157,0.010684162378311157,False,False,False,False,True
1,7437,12ccSQ7vJZTXgQRkyVwTQGhFKaiqK14uAw,49,1nyfMgCoecGXCF9RTfVwGkGZYN9V4jCoh,0.4790336787700653,0.4927928149700165,-0.013759136199951172,0.013759136199951172,False,False,False,False,True
1,7437,12ccSQ7vJZTXgQRkyVwTQGhFKaiqK14uAw,49,39sfuA8pY4UfybgEZi7uvA13jkGzZpsg5K,0.4790336787700653,0.4134170114994049,0.0656166672706604,0.0656166672706604,False,False,False,True,False
1,8614,12j3zc9YSxnRfnQ4iZBvW9zEDv2hqXyD8s,42,12cgpFdJViXbwHbhrA3TuW1EGnL25Zqc3P,0.12985989451408386,0.9192250370979309,-0.789365142583847,0.789365142583847,False,False,False,False,True
1,12115,1347PE3ZDokSsE2Ws1ZvtftPXCuR4NjJsQ,48,12gF9EAmod9AynTNtQGVtdF9o7nxMSviYE,0.23009297251701355,0.26221662759780884,-0.03212365508079529,0.03212365508079529,False,False,False,False,True
1,12115,1347PE3ZDokSsE2Ws1ZvtftPXCuR4NjJsQ,48,14X9cD2o4UW5NgwGWG13FiwAMiMcmN4CS4,0.23009297251701355,0.22733354568481445,0.0027594268321990967,0.0027594268321990967,False,False,False,True,False
1,14814,13JWuN6LG2PJvceiYm98vmMce5SudJbFBS,43,17A16QmavnUfCW11DAApiJxp7ARnxN5pGX,0.09095118194818497,0.07952321320772171,0.011427968740463257,0.011427968740463257,False,False,False,True,False
1,14814,13JWuN6LG2PJvceiYm98vmMce5SudJbFBS,43,1D428KQ1afeNyjmjbj5WtgVsf2ZxjRPYWh,0.09095118194818497,0.10395744442939758,-0.013006262481212616,0.013006262481212616,False,False,False,False,True
1,14814,13JWuN6LG2PJvceiYm98vmMce5SudJbFBS,43,1N52wHoVR79PMDishab2XmRHsbekCdGquK,0.09095118194818497,0.15353886783123016,-0.0625876858830452,0.0625876858830452,False,False,False,False,True
1,14814,13JWuN6LG2PJvceiYm98vmMce5SudJbFBS,43,1NS3TYf1EijKLwFeqQtUR9CTLQpkCMpxZx,0.09095118194818497,0.08851706981658936,0.0024341121315956116,0.0024341121315956116,False,False,False,True,False
1,14814,13JWuN6LG2PJvceiYm98vmMce5SudJbFBS,43,1Q8QKMwnc4uSVWJrLrsXtjVtkpY5KS3vtj,0.09095118194818497,0.08628822863101959,0.004662953317165375,0.004662953317165375,False,False,False,True,False
1,15780,13PmbNyNJSWYZaCFY9XAkLSgydDmpf9bdo,42,178FWZR2yXxSCL2V2coJZXF2zVVvh13fdQ,0.09074331074953079,0.28836244344711304,-0.19761913269758224,0.19761913269758224,False,False,False,False,True
1,16202,13Rzqhwyw5i79r1LWwRyQQceRoQMS1me1n,49,122cArGCaKzoAj7dsf7KH2tdhhejy23n7r,0.9816858768463135,0.9884390234947205,-0.006753146648406982,0.006753146648406982,True,True,False,False,True
1,16202,13Rzqhwyw5i79r1LWwRyQQceRoQMS1me1n,49,16FTZ3gTGqLZo5eV2zqkQwdn7oTsAnwTb4,0.9816858768463135,0.9779173135757446,0.0037685632705688477,0.0037685632705688477,True,True,False,True,False
1,16202,13Rzqhwyw5i79r1LWwRyQQceRoQMS1me1n,49,1KEz8TcfKPeq8qA3dPhFmTQx2umyh2yRDa,0.9816858768463135,0.9847550392150879,-0.003069162368774414,0.003069162368774414,True,True,False,False,True
1,16276,13SU1RUHwiYYhHL1K6PXrj69KhxuEE6Bw2,49,1959snj1ovEnJP6ce9Aav2RuxDhZQEoCyh,0.0058481087908148766,0.010780971497297287,-0.00493286270648241,0.00493286270648241,False,False,False,False,True
1,22563,141Zu4pHzkYZefE2audb1FU1gRkJ1TNKT6,42,122njJc1zCSPDHcFVWSQdT3ogzcxjR6Lop,0.6915785670280457,0.7040209770202637,-0.012442409992218018,0.012442409992218018,False,False,False,False,True
1,22563,141Zu4pHzkYZefE2audb1FU1gRkJ1TNKT6,42,12cgpFdJViXbwHbhrA3TuW1EGnL25Zqc3P,0.6915785670280457,0.7506219744682312,-0.05904340744018555,0.05904340744018555,False,False,False,False,True
1,22563,141Zu4pHzkYZefE2audb1FU1gRkJ1TNKT6,42,13dB5rpANbJjznNF7zDL7jFGzznc3SK3aU,0.6915785670280457,0.6671062111854553,0.024472355842590332,0.024472355842590332,False,False,False,True,False
1,22563,141Zu4pHzkYZefE2audb1FU1gRkJ1TNKT6,42,13vHWR3iLsHeYwT42RnuKYNBoVPrKKZgRv,0.6915785670280457,0.6784384250640869,0.01314014196395874,0.01314014196395874,False,False,False,True,False
1,22563,141Zu4pHzkYZefE2audb1FU1gRkJ1TNKT6,42,14MwKXt77b5HiVmXXwbDjaV3UTDwUgQuZ9,0.6915785670280457,0.7555351853370667,-0.063956618309021,0.063956618309021,False,False,False,False,True
1,22563,141Zu4pHzkYZefE2audb1FU1gRkJ1TNKT6,42,15jeVC5uRRTDxqXPMV8fwqCN4mmkHS6F4y,0.6915785670280457,0.7466521859169006,-0.05507361888885498,0.05507361888885498,False,False,False,False,True
1,22563,141Zu4pHzkYZefE2audb1FU1gRkJ1TNKT6,42,17A16QmavnUfCW11DAApiJxp7ARnxN5pGX,0.6915785670280457,0.7324156165122986,-0.04083704948425293,0.04083704948425293,False,False,False,False,True
1,22563,141Zu4pHzkYZefE2audb1FU1gRkJ1TNKT6,42,17my9ExMmuyCBGSpC42jW7K1KPbCMEBnaL,0.6915785670280457,0.3985322415828705,0.29304632544517517,0.29304632544517517,False,False,False,True,False
1,22563,141Zu4pHzkYZefE2audb1FU1gRkJ1TNKT6,42,1N52wHoVR79PMDishab2XmRHsbekCdGquK,0.6915785670280457,0.7312213778495789,-0.0396428108215332,0.0396428108215332,False,False,False,False,True
1,24386,14BQ4Eq3ZZFFfFmKiuasmhtvWudUP6TiS4,49,3CXr8guRrcA8g9z9rqck87e7nv49KkKMKy,0.9926685094833374,0.9748435616493225,0.017824947834014893,0.017824947834014893,True,True,False,True,False
1,25128,14FLkudvztaUJzCatbPJi3WLigZLcYvs5H,44,3MMCb1DofhUKEpf4aGGs4rDj9QJs1HCrEJ,0.9962963461875916,0.9955878257751465,0.0007085204124450684,0.0007085204124450684,True,True,False,True,False
1,27749,14VRpuLS5CwmSAn58oQAxoTWqxxpuTdcuU,49,187d6gWrsbnbigNN7KJVt5myqjtFjnF9hv,0.37084320187568665,0.7666907906532288,-0.3958475887775421,0.3958475887775421,False,False,False,False,True
1,28246,14YG9rrGghL77Ro7XcB3R9SjAvJMQpA8cZ,49,38DgnT18UXQQVc4cgA9dtixybt4BPVuc1C,0.9951273202896118,0.9968275427818298,-0.0017002224922180176,0.0017002224922180176,True,True,False,False,True
1,34673,158V6NJbeV4LJWv1h9ajFJSiCmPav8dd1z,49,38DgnT18UXQQVc4cgA9dtixybt4BPVuc1C,0.9951127171516418,0.996822714805603,-0.0017099976539611816,0.0017099976539611816,True,True,False,False,True
1,35991,15FkN73MjCXkfWnyWWw6phiTpwrUMRYXqF,49,17mqVbK2EuEbq3qUJbG84aB6MiYcDMSdXD,0.6350353956222534,0.617949903011322,0.017085492610931396,0.017085492610931396,False,False,False,True,False
1,35991,15FkN73MjCXkfWnyWWw6phiTpwrUMRYXqF,49,187P8BBqdHJXyjmgSK6YTTfkgYWJG7NFMY,0.6350353956222534,0.6270788908004761,0.007956504821777344,0.007956504821777344,False,False,False,True,False
1,35991,15FkN73MjCXkfWnyWWw6phiTpwrUMRYXqF,49,1AxcwffUwfdsbj5J3yHDYZr6rRLXw9Tb75,0.6350353956222534,0.6327411532402039,0.0022942423820495605,0.0022942423820495605,False,False,False,True,False
1,35991,15FkN73MjCXkfWnyWWw6phiTpwrUMRYXqF,49,1K569MWDfdKuDb8iP8EPkFMCJ2FSf1kduk,0.6350353956222534,0.633708655834198,0.00132673978805542,0.00132673978805542,False,False,False,True,False
1,36576,15JyCy3oTCbUyS5vCkYSwNZ5RJTfSHJAdF,49,38DgnT18UXQQVc4cgA9dtixybt4BPVuc1C,0.9945684671401978,0.9965812563896179,-0.002012789249420166,0.002012789249420166,True,True,False,False,True
1,42956,15uepg7WpadtMYxc8Lzd1cyKKjLsZ4qhco,49,187P8BBqdHJXyjmgSK6YTTfkgYWJG7NFMY,0.21760062873363495,0.22473683953285217,-0.007136210799217224,0.007136210799217224,False,False,False,False,True
1,42956,15uepg7WpadtMYxc8Lzd1cyKKjLsZ4qhco,49,1K569MWDfdKuDb8iP8EPkFMCJ2FSf1kduk,0.21760062873363495,0.2309250682592392,-0.013324439525604248,0.013324439525604248,False,False,False,False,True
1,43732,15ymZ1HC2WuUc2T9rXjjjbFUrpWf213fkR,43,12ftmJ5cExVeMzQYyEVQULBSFamLV7hZRK,0.0034634775947779417,0.0034515121951699257,1.1965399608016014e-05,1.1965399608016014e-05,False,False,False,True,False
1,43732,15ymZ1HC2WuUc2T9rXjjjbFUrpWf213fkR,43,1N52wHoVR79PMDishab2XmRHsbekCdGquK,0.0034634775947779417,0.005234993528574705,-0.0017715159337967634,0.0017715159337967634,False,False,False,False,True
1,46633,16FTZ3gTGqLZo5eV2zqkQwdn7oTsAnwTb4,48,1576YHZPqi9tjaPwZP5EMwsUhMRUU1MjP3,0.6810650825500488,0.6433191895484924,0.037745893001556396,0.037745893001556396,False,False,False,True,False
1,46633,16FTZ3gTGqLZo5eV2zqkQwdn7oTsAnwTb4,48,18JMGJhnFQsHRYHECnywjG3NPpgRmVjRxH,0.6810650825500488,0.685122549533844,-0.004057466983795166,0.004057466983795166,False,False,False,False,True
1,46634,16FTZ3gTGqLZo5eV2zqkQwdn7oTsAnwTb4,49,1576YHZPqi9tjaPwZP5EMwsUhMRUU1MjP3,0.8421354293823242,0.833591639995575,0.008543789386749268,0.008543789386749268,False,False,False,True,False
1,46634,16FTZ3gTGqLZo5eV2zqkQwdn7oTsAnwTb4,49,17mqVbK2EuEbq3qUJbG84aB6MiYcDMSdXD,0.8421354293823242,0.8399321436882019,0.0022032856941223145,0.0022032856941223145,False,False,False,True,False
1,46634,16FTZ3gTGqLZo5eV2zqkQwdn7oTsAnwTb4,49,18JMGJhnFQsHRYHECnywjG3NPpgRmVjRxH,0.8421354293823242,0.8441283106803894,-0.0019928812980651855,0.0019928812980651855,False,False,False,False,True
1,46634,16FTZ3gTGqLZo5eV2zqkQwdn7oTsAnwTb4,49,19WofTajxscPym7mQvFmg7gMqcGvDk6Vf6,0.8421354293823242,0.8409085869789124,0.0012268424034118652,0.0012268424034118652,False,False,False,True,False
1,46634,16FTZ3gTGqLZo5eV2zqkQwdn7oTsAnwTb4,49,1AxcwffUwfdsbj5J3yHDYZr6rRLXw9Tb75,0.8421354293823242,0.8407400250434875,0.00139540433883667,0.00139540433883667,False,False,False,True,False
1,46634,16FTZ3gTGqLZo5eV2zqkQwdn7oTsAnwTb4,49,1N4sMnEDftDJayKBvQ5T6ktAwu4W2B5jAH,0.8421354293823242,0.8407644033432007,0.0013710260391235352,0.0013710260391235352,False,False,False,True,False
1,46637,16FUM9sZXp8wbxH6Mx8MvH8biFsjqFtEr5,44,15ymZ1HC2WuUc2T9rXjjjbFUrpWf213fkR,0.5475571155548096,0.31152617931365967,0.2360309362411499,0.2360309362411499,False,False,False,True,False
1,47909,16NJsCU5xeb2MtpYDUp7MNRiMm4wGgXFJR,49,3CXr8guRrcA8g9z9rqck87e7nv49KkKMKy,0.9930499792098999,0.9788090586662292,0.014240920543670654,0.014240920543670654,True,True,False,True,False
1,50591,16cg3wqcDyjdUgbaHWPQT2DLF3RMgZzLZY,46,3BgGDrAfviBztVooGNqW5Eqjj8hmkEwfYc,0.6077341437339783,0.40883395075798035,0.19890019297599792,0.19890019297599792,False,False,False,True,False
1,51522,16hW5gxPje2LJXM8V5YUpgpyq87cZicSop,49,3CXr8guRrcA8g9z9rqck87e7nv49KkKMKy,0.9944918155670166,0.9916340112686157,0.002857804298400879,0.002857804298400879,True,True,False,True,False
1,52144,16kniBtbBYcawLuKBT9a6J6dBUD28obrAi,46,3BgGDrAfviBztVooGNqW5Eqjj8hmkEwfYc,0.6710112690925598,0.483030766248703,0.1879805028438568,0.1879805028438568,False,False,False,True,False
1,53325,16rkthP97SsnbXmqvEjMBjPrnM3K7FTGzb,46,38BoHtepsEZyWoCRKKyAe9gKW8wp3aPouM,0.5816118717193604,0.4505622684955597,0.13104960322380066,0.13104960322380066,False,False,False,True,False
1,53436,16sFp53Qz64WUBNSMa9QYCgQNrqZFVRV83,49,1JxfosgwwcUUkWKZLU2JvYjQqBwg3TKrea,0.9834688901901245,0.8747018575668335,0.10876703262329102,0.10876703262329102,True,False,True,True,False
1,53462,16sNAkMaMgYuiEhZcPJPdadG25KxAX1gb6,49,1CjStQKYUZ8cSMk3iJf1eWWe6vLJRgj2TY,0.0028709357138723135,0.0047013480216264725,-0.001830412307754159,0.001830412307754159,False,False,False,False,True
1,56301,178FWZR2yXxSCL2V2coJZXF2zVVvh13fdQ,42,1BksLjirFRrV4hCpnC5e5yRLbodMaaTJTq,0.9535162448883057,0.9491487741470337,0.004367470741271973,0.004367470741271973,False,False,False,True,False
1,56301,178FWZR2yXxSCL2V2coJZXF2zVVvh13fdQ,42,1PkwBdVLvG41LF6FFHueBifKBf7J259Xav,0.9535162448883057,0.9470258355140686,0.0064904093742370605,0.0064904093742370605,False,False,False,True,False
1,57874,17GEHLcmzYkf1SamSzWU671BJCY8gWiwv,49,3CXr8guRrcA8g9z9rqck87e7nv49KkKMKy,0.9926685094833374,0.9748435616493225,0.017824947834014893,0.017824947834014893,True,True,False,True,False
1,60746,17YBkTD8i7iF8RHva2e34zKSynmVGeKvxW,45,16tcubW3EVHnrVER133eDZwB7oiiAQPFF2,0.36790382862091064,0.41901591420173645,-0.051112085580825806,0.051112085580825806,False,False,False,False,True
1,60746,17YBkTD8i7iF8RHva2e34zKSynmVGeKvxW,45,1NrpXy6x8SZAWfLGZ2nnDZZuGsj59BKxtz,0.36790382862091064,0.40983742475509644,-0.04193359613418579,0.04193359613418579,False,False,False,False,True
1,61025,17ZtcSGZy4PMRNMm3SVdRx5AeASmvF2ke,44,1BVXAddKjbphVK5xXKeYcyorTPDgDBQHTu,0.4472329020500183,0.5024943351745605,-0.055261433124542236,0.055261433124542236,False,False,False,False,True
1,61025,17ZtcSGZy4PMRNMm3SVdRx5AeASmvF2ke,44,1BxjUjgLy1y9APYWsiDRuZLBjrENJoovxG,0.4472329020500183,0.29970791935920715,0.14752498269081116,0.14752498269081116,False,False,False,True,False
1,63361,17mqVbK2EuEbq3qUJbG84aB6MiYcDMSdXD,48,16FTZ3gTGqLZo5eV2zqkQwdn7oTsAnwTb4,0.9810401201248169,0.9680070877075195,0.013033032417297363,0.013033032417297363,True,True,False,True,False
1,64582,17t2aobkDfSwizz1hvGG9zgHSXZBBdVJAN,42,36524udg8AAiKhXr8ukwFzyWoZ2PCBDq17,0.22378605604171753,0.17345190048217773,0.050334155559539795,0.050334155559539795,False,False,False,True,False
1,65871,1816RaasK5ALaRreqiDu71V24NAexYGAaL,42,1C8hkWXwqfzQAcfRW7yR7z8wjyTg4P9hfA,0.1318945586681366,0.16712014377117157,-0.03522558510303497,0.03522558510303497,False,False,False,False,True
1,67019,187P8BBqdHJXyjmgSK6YTTfkgYWJG7NFMY,48,12pkJ4BgY4ZxMDvYPP7VXSHajzwUjtaZY4,0.9571401476860046,0.965339720249176,-0.008199572563171387,0.008199572563171387,False,True,True,False,True
1,67065,187d6gWrsbnbigNN7KJVt5myqjtFjnF9hv,49,14LiwZ3LeVVq7oBrSJ7wzkrX9Lfc23sx1C,0.36951276659965515,0.428212970495224,-0.05870020389556885,0.05870020389556885,False,False,False,False,True
1,67065,187d6gWrsbnbigNN7KJVt5myqjtFjnF9hv,49,17bggHMnBwxrULt778XA4U4X3ThaxvW4Rv,0.36951276659965515,0.3232581317424774,0.046254634857177734,0.046254634857177734,False,False,False,True,False
1,67065,187d6gWrsbnbigNN7KJVt5myqjtFjnF9hv,49,19boad6B5Wv24K95Nu2ZyvYE9vi5SU2Yj5,0.36951276659965515,0.3368583917617798,0.032654374837875366,0.032654374837875366,False,False,False,True,False
1,67065,187d6gWrsbnbigNN7KJVt5myqjtFjnF9hv,49,1Kw1NpZ1NCWgsjPKjjiH2fyQURL6dKMgFn,0.36951276659965515,0.4259316623210907,-0.05641889572143555,0.05641889572143555,False,False,False,False,True
1,67303,188oP5jZot7JF4fZsK9V1L1Kq4YCdDuZCe,49,15uepg7WpadtMYxc8Lzd1cyKKjLsZ4qhco,0.9733778238296509,0.9892459511756897,-0.01586812734603882,0.01586812734603882,True,True,False,False,True
1,67303,188oP5jZot7JF4fZsK9V1L1Kq4YCdDuZCe,49,16FTZ3gTGqLZo5eV2zqkQwdn7oTsAnwTb4,0.9733778238296509,0.9666790962219238,0.006698727607727051,0.006698727607727051,True,True,False,True,False
1,68889,18H2NS8ngY6iDSJnKkG2qmMhkZUTUk1G3L,46,3BgGDrAfviBztVooGNqW5Eqjj8hmkEwfYc,0.6077341437339783,0.40883395075798035,0.19890019297599792,0.19890019297599792,False,False,False,True,False
1,70238,18QUa57MjVrZ13Y2vQvCpayG9qaRMXR66H,49,17mqVbK2EuEbq3qUJbG84aB6MiYcDMSdXD,0.2727840840816498,0.27110567688941956,0.0016784071922302246,0.0016784071922302246,False,False,False,True,False
1,70238,18QUa57MjVrZ13Y2vQvCpayG9qaRMXR66H,49,1AxcwffUwfdsbj5J3yHDYZr6rRLXw9Tb75,0.2727840840816498,0.2918306589126587,-0.01904657483100891,0.01904657483100891,False,False,False,False,True
1,71999,18ZfGYxQ9kLFVps2v76tX6JksZnAMWWusr,49,1DDmgYSiSA5VckjXxDNMi1DxWZfuHt1gVg,0.6670989990234375,0.35991016030311584,0.30718883872032166,0.30718883872032166,False,False,False,True,False
1,71999,18ZfGYxQ9kLFVps2v76tX6JksZnAMWWusr,49,1Maa1F57e1VLEgActwP6ZjGmLTaFkqyREr,0.6670989990234375,0.7195729613304138,-0.05247396230697632,0.05247396230697632,False,False,False,False,True
1,72192,18aXA5T5BEPgpqQ38rSgShRq7ghT5S9tvz,47,394H6wHnsdBxQqFSLLPzeTJ7kmLeKTvcRY,0.6141238808631897,0.21313665807247162,0.4009872227907181,0.4009872227907181,False,False,False,True,False
1,74219,18mKBWckBim8qSDre1e6YQjxNN8KkCJfVU,42,1ET5rCodBrECBVHuhsDciTifSzGdxCNrty,0.8767424821853638,0.8817331194877625,-0.004990637302398682,0.004990637302398682,False,False,False,False,True
1,74219,18mKBWckBim8qSDre1e6YQjxNN8KkCJfVU,42,1KkSDKg3YmvHrYFTx12akk8f2uvje4WFaA,0.8767424821853638,0.8687455654144287,0.007996916770935059,0.007996916770935059,False,False,False,True,False
1,74219,18mKBWckBim8qSDre1e6YQjxNN8KkCJfVU,42,1purUJS3HGsuRe6cBaA1ULH1sdvv6e9K9,0.8767424821853638,0.8820575475692749,-0.005315065383911133,0.005315065383911133,False,False,False,False,True
1,75813,18ugKF91J4Ya4NHw1okSwJsBoYKVtfwvLw,44,3MMCb1DofhUKEpf4aGGs4rDj9QJs1HCrEJ,0.9962963461875916,0.9955878257751465,0.0007085204124450684,0.0007085204124450684,True,True,False,True,False
1,75822,18uieCYizT2zrg1zgivdrgUnUc4Y5EPUJZ,46,3BgGDrAfviBztVooGNqW5Eqjj8hmkEwfYc,0.6786311268806458,0.4926689863204956,0.18596214056015015,0.18596214056015015,False,False,False,True,False
1,77483,194GQBPLaCoSpY2UKx9i293iZjAbuuNMKT,49,14JT8RJJNh1ffMoJjjKKAYeM7N8jaP48UR,0.26028892397880554,0.3332507312297821,-0.07296180725097656,0.07296180725097656,False,False,False,False,True
1,77483,194GQBPLaCoSpY2UKx9i293iZjAbuuNMKT,49,31jz9j3EoVLXaZ16SLZr9dVuBMa7vqnj6H,0.26028892397880554,0.2648921310901642,-0.004603207111358643,0.004603207111358643,False,False,False,False,True
1,77647,1959snj1ovEnJP6ce9Aav2RuxDhZQEoCyh,49,187P8BBqdHJXyjmgSK6YTTfkgYWJG7NFMY,0.2275136560201645,0.2346321940422058,-0.007118538022041321,0.007118538022041321,False,False,False,False,True
1,77647,1959snj1ovEnJP6ce9Aav2RuxDhZQEoCyh,49,1K569MWDfdKuDb8iP8EPkFMCJ2FSf1kduk,0.2275136560201645,0.23740258812904358,-0.00988893210887909,0.00988893210887909,False,False,False,False,True
1,80391,19KrfeB3cGAYTzxpwq2r65cmEMwzXqiip6,49,38DgnT18UXQQVc4cgA9dtixybt4BPVuc1C,0.9945684671401978,0.9965812563896179,-0.002012789249420166,0.002012789249420166,True,True,False,False,True
1,82447,19WofTajxscPym7mQvFmg7gMqcGvDk6Vf6,48,1347PE3ZDokSsE2Ws1ZvtftPXCuR4NjJsQ,0.9468377828598022,0.9857245683670044,-0.03888678550720215,0.03888678550720215,False,True,True,False,True
1,82447,19WofTajxscPym7mQvFmg7gMqcGvDk6Vf6,48,16FTZ3gTGqLZo5eV2zqkQwdn7oTsAnwTb4,0.9468377828598022,0.9501249194145203,-0.0032871365547180176,0.0032871365547180176,False,False,False,False,True
1,83136,19aWTH3LqD4hhAVXigszeKnZ33dXcoiLKS,42,36524udg8AAiKhXr8ukwFzyWoZ2PCBDq17,0.1937340945005417,0.18779191374778748,0.005942180752754211,0.005942180752754211,False,False,False,True,False
1,85059,19kiYrzGLdgrvzJbudyre3mEhePgazuYkv,47,1Dym1yThrVo5T1Q7bzgu8ekQBYEma2ftge,0.35689577460289,0.649448573589325,-0.29255279898643494,0.29255279898643494,False,False,False,False,True
1,87658,19zaH94k9dVuA4sgtobYTvLUVFECTjF4q1,49,187d6gWrsbnbigNN7KJVt5myqjtFjnF9hv,0.8617798089981079,0.6952447295188904,0.16653507947921753,0.16653507947921753,False,False,False,True,False
1,88076,1A2f5HUDRPvLASRRavZ4chZU8thgSw6Kym,48,1HfEepHZagyXjPEg71A7VTA8QHX28fJHD7,0.8540971279144287,0.9183611273765564,-0.06426399946212769,0.06426399946212769,False,False,False,False,True
1,88309,1A3o3eL6tSqNCBrFdETAed7FQGWghuqVwJ,49,1JNchFeujbm786astAzpeRAVM1igPUMwYx,0.02208072505891323,0.14635436236858368,-0.12427363730967045,0.12427363730967045,False,False,False,False,True
1,88904,1A6bLvLoVZ43FSYxerGLhTx81VSh48LA8W,49,187P8BBqdHJXyjmgSK6YTTfkgYWJG7NFMY,0.16859973967075348,0.23794607818126678,-0.0693463385105133,0.0693463385105133,False,False,False,False,True
1,88904,1A6bLvLoVZ43FSYxerGLhTx81VSh48LA8W,49,1K569MWDfdKuDb8iP8EPkFMCJ2FSf1kduk,0.16859973967075348,0.18515954911708832,-0.01655980944633484,0.01655980944633484,False,False,False,False,True
1,92176,1AQ2tmD39tpdYbCH4S9rC64eKf2fKkczqj,42,178FWZR2yXxSCL2V2coJZXF2zVVvh13fdQ,0.5045903921127319,0.5385236740112305,-0.033933281898498535,0.033933281898498535,False,False,False,False,True
1,94431,1Abk3mHubS8WTQ12xZ9UfMh1Y5BMFbzqgS,49,38DgnT18UXQQVc4cgA9dtixybt4BPVuc1C,0.9951401948928833,0.9968317151069641,-0.0016915202140808105,0.0016915202140808105,True,True,False,False,True
1,94874,1Ae7dFZsct57hpAt2vGkYytKwEvSjEggQ8,42,1N52wHoVR79PMDishab2XmRHsbekCdGquK,0.2615834176540375,0.8270686268806458,-0.5654852092266083,0.5654852092266083,False,False,False,False,True
1,94949,1AeZKdDoFFRyZMUBrjn2hM4yqMg95twFuQ,43,1CCn9buMG1LhDNiHVCfnb6biiYhdcYSfyr,0.7957667112350464,0.8101592659950256,-0.014392554759979248,0.014392554759979248,False,False,False,False,True
1,95425,1AgwMakJ3R4m8VzW2VtmbGLRVwUvP4JFEJ,42,3CD1QW6fjgTwKq3Pj97nty28WZAVkziNom,0.6264471411705017,0.9662482738494873,-0.3398011326789856,0.3398011326789856,False,True,True,False,True
1,96766,1ApRXXStFPJG4jUdEc3dd7z3Dm8ESAA1TH,49,15uepg7WpadtMYxc8Lzd1cyKKjLsZ4qhco,0.00341049931012094,0.008770640008151531,-0.005360140698030591,0.005360140698030591,False,False,False,False,True
1,96766,1ApRXXStFPJG4jUdEc3dd7z3Dm8ESAA1TH,49,16FTZ3gTGqLZo5eV2zqkQwdn7oTsAnwTb4,0.00341049931012094,0.005102402530610561,-0.0016919032204896212,0.0016919032204896212,False,False,False,False,True
1,97161,1ArZy65Qc6thvrYDvxSFNfq9oWG8BVzuaA,49,3CXr8guRrcA8g9z9rqck87e7nv49KkKMKy,0.9926685094833374,0.9748435616493225,0.017824947834014893,0.017824947834014893,True,True,False,True,False
1,97629,1AtsM6CEXtPKyYAEr6r7MnVeUafPz93hc7,42,1C8hkWXwqfzQAcfRW7yR7z8wjyTg4P9hfA,0.49073636531829834,0.5499833822250366,-0.05924701690673828,0.05924701690673828,False,False,False,False,True
1,97729,1AuX1dLiiZWMETjeHBngRfixCPvLrQeVZp,47,1Dym1yThrVo5T1Q7bzgu8ekQBYEma2ftge,0.5379244685173035,0.8834903240203857,-0.3455658555030823,0.3455658555030823,False,False,False,False,True
1,98163,1AwwvFMqrdtMr5X7uETGfRSw7qJrSVqoHk,49,3CXr8guRrcA8g9z9rqck87e7nv49KkKMKy,0.9926685094833374,0.9748435616493225,0.017824947834014893,0.017824947834014893,True,True,False,True,False
1,98290,1AxcwffUwfdsbj5J3yHDYZr6rRLXw9Tb75,48,16FTZ3gTGqLZo5eV2zqkQwdn7oTsAnwTb4,0.03816087171435356,0.02164345048367977,0.01651742123067379,0.01651742123067379,False,False,False,True,False
1,99548,1B56fVVmMokU9zMqArXa4A2269CMNTTk8c,42,1C8hkWXwqfzQAcfRW7yR7z8wjyTg4P9hfA,0.9345728158950806,0.8403175473213196,0.09425526857376099,0.09425526857376099,False,False,False,True,False
1,100777,1BBLwrZpbAvYX5HZbwxVFGMQL9vVQrMpxk,48,1FvtWwP3ePJDeR6K7ZePGujUuusUTds8Vy,0.762708842754364,0.7806246876716614,-0.017915844917297363,0.017915844917297363,False,False,False,False,True
1,102320,1BKZFEHbb7kShbczAq4JV4nRVwWTxmN69D,44,3MMCb1DofhUKEpf4aGGs4rDj9QJs1HCrEJ,0.9963600039482117,0.9954916834831238,0.0008683204650878906,0.0008683204650878906,True,True,False,True,False
1,102444,1BLD5bqumFLPyrb319K62bQt17rfHsGRQw,42,36524udg8AAiKhXr8ukwFzyWoZ2PCBDq17,0.20036475360393524,0.18209871649742126,0.018266037106513977,0.018266037106513977,False,False,False,True,False
1,102927,1BNq66S84nVxguSQUccZZicXJSuh5SNAfX,42,36524udg8AAiKhXr8ukwFzyWoZ2PCBDq17,0.28516173362731934,0.23046675324440002,0.05469498038291931,0.05469498038291931,False,False,False,True,False
1,104074,1BUAQKrvuXrpKCm2KgSyRxStisCZ6U9WDq,42,1C8hkWXwqfzQAcfRW7yR7z8wjyTg4P9hfA,0.9697327017784119,0.7968078851699829,0.17292481660842896,0.17292481660842896,True,False,True,True,False
1,107771,1Bo7wwQPjjJBtYxK7QcqsShv1NRmCU34Z1,49,15FkN73MjCXkfWnyWWw6phiTpwrUMRYXqF,0.0069475178606808186,0.010439833626151085,-0.0034923157654702663,0.0034923157654702663,False,False,False,False,True
1,107771,1Bo7wwQPjjJBtYxK7QcqsShv1NRmCU34Z1,49,18QUa57MjVrZ13Y2vQvCpayG9qaRMXR66H,0.0069475178606808186,0.013649174943566322,-0.006701657082885504,0.006701657082885504,False,False,False,False,True
1,107862,1BofXwwe69BpvaEudU7LYGv2yQ76iomw8N,43,1JHBUqaCHZpMpUeFGxBDsQ2vE1By7t5vYD,0.9510540962219238,0.819927453994751,0.13112664222717285,0.13112664222717285,False,False,False,True,False
1,109044,1BueSoqEcvWHPeJojNhQiLJK3L1o8Rkciq,44,3MMCb1DofhUKEpf4aGGs4rDj9QJs1HCrEJ,0.9962778687477112,0.995772659778595,0.0005052089691162109,0.0005052089691162109,True,True,False,True,False
1,109748,1ByGU4u9nTVpFJQeqnnxWKWvqUbZoHfbj3,49,122cArGCaKzoAj7dsf7KH2tdhhejy23n7r,0.0028416109271347523,0.0030043357983231544,-0.00016272487118840218,0.00016272487118840218,False,False,False,False,True
1,109748,1ByGU4u9nTVpFJQeqnnxWKWvqUbZoHfbj3,49,16FTZ3gTGqLZo5eV2zqkQwdn7oTsAnwTb4,0.0028416109271347523,0.003120827255770564,-0.0002792163286358118,0.0002792163286358118,False,False,False,False,True
1,109748,1ByGU4u9nTVpFJQeqnnxWKWvqUbZoHfbj3,49,1KEz8TcfKPeq8qA3dPhFmTQx2umyh2yRDa,0.0028416109271347523,0.0031061749905347824,-0.00026456406340003014,0.00026456406340003014,False,False,False,False,True
1,111570,1C8hkWXwqfzQAcfRW7yR7z8wjyTg4P9hfA,42,1Hnm7hTr3WJsmGumZhnUNZGc5QnYpU3U73,0.9251436591148376,0.9478060007095337,-0.022662341594696045,0.022662341594696045,False,False,False,False,True
1,111571,1C8hkWXwqfzQAcfRW7yR7z8wjyTg4P9hfA,44,1816RaasK5ALaRreqiDu71V24NAexYGAaL,0.9285275936126709,0.9299630522727966,-0.0014354586601257324,0.0014354586601257324,False,False,False,False,True
1,111571,1C8hkWXwqfzQAcfRW7yR7z8wjyTg4P9hfA,44,1AtsM6CEXtPKyYAEr6r7MnVeUafPz93hc7,0.9285275936126709,0.9300493597984314,-0.001521766185760498,0.001521766185760498,False,False,False,False,True
1,111571,1C8hkWXwqfzQAcfRW7yR7z8wjyTg4P9hfA,44,1B56fVVmMokU9zMqArXa4A2269CMNTTk8c,0.9285275936126709,0.9306936264038086,-0.0021660327911376953,0.0021660327911376953,False,False,False,False,True
1,111571,1C8hkWXwqfzQAcfRW7yR7z8wjyTg4P9hfA,44,1BUAQKrvuXrpKCm2KgSyRxStisCZ6U9WDq,0.9285275936126709,0.9302787184715271,-0.0017511248588562012,0.0017511248588562012,False,False,False,False,True
1,111571,1C8hkWXwqfzQAcfRW7yR7z8wjyTg4P9hfA,44,1Hnm7hTr3WJsmGumZhnUNZGc5QnYpU3U73,0.9285275936126709,0.9441035389900208,-0.015575945377349854,0.015575945377349854,False,False,False,False,True
1,111572,1C8hkWXwqfzQAcfRW7yR7z8wjyTg4P9hfA,45,1816RaasK5ALaRreqiDu71V24NAexYGAaL,0.942438542842865,0.9443949460983276,-0.0019564032554626465,0.0019564032554626465,False,False,False,False,True
1,111572,1C8hkWXwqfzQAcfRW7yR7z8wjyTg4P9hfA,45,1AFvN1pPBDdHJnpH5K1Y32hLFx3pxm3wDU,0.942438542842865,0.9380661845207214,0.004372358322143555,0.004372358322143555,False,False,False,True,False
1,111572,1C8hkWXwqfzQAcfRW7yR7z8wjyTg4P9hfA,45,1AtsM6CEXtPKyYAEr6r7MnVeUafPz93hc7,0.942438542842865,0.9445012807846069,-0.0020627379417419434,0.0020627379417419434,False,False,False,False,True
1,111572,1C8hkWXwqfzQAcfRW7yR7z8wjyTg4P9hfA,45,1B56fVVmMokU9zMqArXa4A2269CMNTTk8c,0.942438542842865,0.9452860355377197,-0.0028474926948547363,0.0028474926948547363,False,False,False,False,True
1,111572,1C8hkWXwqfzQAcfRW7yR7z8wjyTg4P9hfA,45,1BUAQKrvuXrpKCm2KgSyRxStisCZ6U9WDq,0.942438542842865,0.944787859916687,-0.0023493170738220215,0.0023493170738220215,False,False,False,False,True
1,111572,1C8hkWXwqfzQAcfRW7yR7z8wjyTg4P9hfA,45,1Hnm7hTr3WJsmGumZhnUNZGc5QnYpU3U73,0.942438542842865,0.9455969333648682,-0.003158390522003174,0.003158390522003174,False,False,False,False,True
1,111572,1C8hkWXwqfzQAcfRW7yR7z8wjyTg4P9hfA,45,1KDEYRd4c9LN51npt5D5AP2EmhPycnxyVD,0.942438542842865,0.9412514567375183,0.0011870861053466797,0.0011870861053466797,False,False,False,True,False
1,111572,1C8hkWXwqfzQAcfRW7yR7z8wjyTg4P9hfA,45,1PgM47u6C1L9HyovyM1tdThbZvWUiXrvJj,0.942438542842865,0.9423731565475464,6.538629531860352e-05,6.538629531860352e-05,False,False,False,True,False
1,112043,1CB7BkT9CxwZuk5EFj1nRCE55DbnSkLTNP,43,1N52wHoVR79PMDishab2XmRHsbekCdGquK,0.0036367003340274096,0.00504835182800889,-0.0014116514939814806,0.0014116514939814806,False,False,False,False,True
1,112368,1CCn9buMG1LhDNiHVCfnb6biiYhdcYSfyr,43,1APHyhaXs4wJ5utxAht8W1i9HXnr1GBxfF,0.8500626683235168,0.842860996723175,0.007201671600341797,0.007201671600341797,False,False,False,True,False
1,112368,1CCn9buMG1LhDNiHVCfnb6biiYhdcYSfyr,43,1BFqMBaQB9PjWczRUYUAmifGkD2dEejRaL,0.8500626683235168,0.8359097242355347,0.014152944087982178,0.014152944087982178,False,False,False,True,False
1,112665,1CELBDDffDnnDDhg2Kh5p1fTYTA7C68UM9,42,1AnYHAJ1fh3L4BCpkhHCtsRq3wDzQsEBih,0.7469479441642761,0.7526452541351318,-0.005697309970855713,0.005697309970855713,False,False,False,False,True
1,112665,1CELBDDffDnnDDhg2Kh5p1fTYTA7C68UM9,42,1G3QJPWEFiHwZjU5PK9SfNRge56vUTyn5S,0.7469479441642761,0.7685009837150574,-0.02155303955078125,0.02155303955078125,False,False,False,False,True
1,115768,1CWzYbHpu13cqFwo2pFH52xt2uQy1kdcrc,46,3BgGDrAfviBztVooGNqW5Eqjj8hmkEwfYc,0.6077341437339783,0.40883395075798035,0.19890019297599792,0.19890019297599792,False,False,False,True,False
1,118151,1CjStQKYUZ8cSMk3iJf1eWWe6vLJRgj2TY,49,19txq91QziDSYfr5M3WwETThk4WnSH9FXU,0.19649262726306915,0.22228826582431793,-0.02579563856124878,0.02579563856124878,False,False,False,False,True
1,118151,1CjStQKYUZ8cSMk3iJf1eWWe6vLJRgj2TY,49,1WSa32tv9Cx1CNFoN7cY4QwEXm1yvQ5w1,0.19649262726306915,0.20158426463603973,-0.005091637372970581,0.005091637372970581,False,False,False,False,True
1,126736,1DX6sFKGzHqXdr7onS2CRKN8GBtSSoAP6G,49,1CjStQKYUZ8cSMk3iJf1eWWe6vLJRgj2TY,0.7529552578926086,0.677486002445221,0.0754692554473877,0.0754692554473877,False,False,False,True,False
1,129617,1DnZpRm9L813jhWxR2ZZwhrP386Yu2cvyF,43,1N52wHoVR79PMDishab2XmRHsbekCdGquK,0.022681063041090965,0.07465437054634094,-0.05197330750524998,0.05197330750524998,False,False,False,False,True
1,129617,1DnZpRm9L813jhWxR2ZZwhrP386Yu2cvyF,43,3CwFFLcNBe3jdpVMRbrQpnX6J2QdydYXDy,0.022681063041090965,0.0092820655554533,0.013398997485637665,0.013398997485637665,False,False,False,True,False
1,129618,1DnZpRm9L813jhWxR2ZZwhrP386Yu2cvyF,47,12ataMZU4pjkBEH9ZdnEV5ZaE3TDfbfimF,0.027452096343040466,0.02776459790766239,-0.00031250156462192535,0.00031250156462192535,False,False,False,False,True
1,129618,1DnZpRm9L813jhWxR2ZZwhrP386Yu2cvyF,47,13HzbgZ1KFn7RurqZQSZjuwQBegoamvx8u,0.027452096343040466,0.027812011539936066,-0.00035991519689559937,0.00035991519689559937,False,False,False,False,True
1,129618,1DnZpRm9L813jhWxR2ZZwhrP386Yu2cvyF,47,19DAFXU2ZSrW7dMCeybxaA86ayBYWqqpN7,0.027452096343040466,0.027462176978588104,-1.008063554763794e-05,1.008063554763794e-05,False,False,False,False,True
1,129618,1DnZpRm9L813jhWxR2ZZwhrP386Yu2cvyF,47,1BToiZSEp8GEQEX3h28TKY9pDsGxH8KsHr,0.027452096343040466,0.02974044531583786,-0.002288348972797394,0.002288348972797394,False,False,False,False,True
1,129618,1DnZpRm9L813jhWxR2ZZwhrP386Yu2cvyF,47,1DtWsQmEWh1LcJjR14TFPVBLVJFaVLnif1,0.027452096343040466,0.02719024196267128,0.0002618543803691864,0.0002618543803691864,False,False,False,True,False
1,129618,1DnZpRm9L813jhWxR2ZZwhrP386Yu2cvyF,47,1Jkvj5LwnqTXTLch2DUzt8RGq4CtAeJRRx,0.027452096343040466,0.027663208544254303,-0.00021111220121383667,0.00021111220121383667,False,False,False,False,True
1,129618,1DnZpRm9L813jhWxR2ZZwhrP386Yu2cvyF,47,1LbPfE9JkijxZpnF8cNpbhMzfrzH7MxoZf,0.027452096343040466,0.03002927079796791,-0.0025771744549274445,0.0025771744549274445,False,False,False,False,True
1,129618,1DnZpRm9L813jhWxR2ZZwhrP386Yu2cvyF,47,1N52wHoVR79PMDishab2XmRHsbekCdGquK,0.027452096343040466,0.05584275722503662,-0.028390660881996155,0.028390660881996155,False,False,False,False,True
1,129618,1DnZpRm9L813jhWxR2ZZwhrP386Yu2cvyF,47,1PMKFeJvug6qN4WYf8wyakqMtYRA66LWG4,0.027452096343040466,0.030028872191905975,-0.002576775848865509,0.002576775848865509,False,False,False,False,True
1,129618,1DnZpRm9L813jhWxR2ZZwhrP386Yu2cvyF,47,32kY47awqX6hvpxShEoxYJCLQiTcojEBwS,0.027452096343040466,0.02788754738867283,-0.00043545104563236237,0.00043545104563236237,False,False,False,False,True
1,129618,1DnZpRm9L813jhWxR2ZZwhrP386Yu2cvyF,47,3CwFFLcNBe3jdpVMRbrQpnX6J2QdydYXDy,0.027452096343040466,0.014411835931241512,0.013040260411798954,0.013040260411798954,False,False,False,True,False
1,129618,1DnZpRm9L813jhWxR2ZZwhrP386Yu2cvyF,47,3JkmAYtowYGPQPcMcJuSYSXTusej4iA1nF,0.027452096343040466,0.026019632816314697,0.001432463526725769,0.001432463526725769,False,False,False,True,False
1,134393,1EEXEHGqMmSk2hMpfnAqxgMftF7WDXKNmP,42,1BrT827NCgxjctnEBdLiuDzukupwWHP1i2,0.9525487422943115,0.991258442401886,-0.03870970010757446,0.03870970010757446,False,True,True,False,True
1,135318,1EKMtbWSdRryfVqQM17BW2uDVBAwVQwCBr,44,1JPVo8Jo4CT8LoPmDibjeumAsmVkvzGh4N,0.029036179184913635,0.024409351870417595,0.00462682731449604,0.00462682731449604,False,False,False,True,False
1,139343,1Eh9o3nbXSucz5Hj6Sap1bjM47f55J2JUD,42,12PuJ9ixCUzDsT8MqFEkim5zdcrF6TAgjW,0.017594825476408005,0.016678202897310257,0.0009166225790977478,0.0009166225790977478,False,False,False,True,False
1,139343,1Eh9o3nbXSucz5Hj6Sap1bjM47f55J2JUD,42,13zjYgMuJVNqTwtNVNPgR1M8azQTtXxayw,0.017594825476408005,0.01789458654820919,-0.0002997610718011856,0.0002997610718011856,False,False,False,False,True
1,139343,1Eh9o3nbXSucz5Hj6Sap1bjM47f55J2JUD,42,14Xzu4GQegnhYVQ44Nt8Sd7sCrd2UC57cp,0.017594825476408005,0.01698346994817257,0.0006113555282354355,0.0006113555282354355,False,False,False,True,False
1,139343,1Eh9o3nbXSucz5Hj6Sap1bjM47f55J2JUD,42,153jshsURfH53nsuweYSoBLmYHVw5qRdVA,0.017594825476408005,0.01739536039531231,0.0001994650810956955,0.0001994650810956955,False,False,False,True,False
1,139343,1Eh9o3nbXSucz5Hj6Sap1bjM47f55J2JUD,42,15Kg2a1mapen6vAzCZbDfSzHWyoeVWyFFi,0.017594825476408005,0.017766039818525314,-0.00017121434211730957,0.00017121434211730957,False,False,False,False,True
1,139343,1Eh9o3nbXSucz5Hj6Sap1bjM47f55J2JUD,42,15ZD5wWYgMWXgMMdkBmhggehyF67y79QWD,0.017594825476408005,0.017803646624088287,-0.0002088211476802826,0.0002088211476802826,False,False,False,False,True
1,139343,1Eh9o3nbXSucz5Hj6Sap1bjM47f55J2JUD,42,18KSE7gyNCnqydZw5dzEyU9CNYBWQS9nCJ,0.017594825476408005,0.017959540709853172,-0.00036471523344516754,0.00036471523344516754,False,False,False,False,True
1,139343,1Eh9o3nbXSucz5Hj6Sap1bjM47f55J2JUD,42,18oMcnDMbP7XmhAdYxjoidju3ZCeLPxuLn,0.017594825476408005,0.03039652481675148,-0.012801699340343475,0.012801699340343475,False,False,False,False,True
1,139343,1Eh9o3nbXSucz5Hj6Sap1bjM47f55J2JUD,42,198jCtoeTwSjvwy8ECM8rp8VNB9RDwSecK,0.017594825476408005,0.018046490848064423,-0.00045166537165641785,0.00045166537165641785,False,False,False,False,True
1,139343,1Eh9o3nbXSucz5Hj6Sap1bjM47f55J2JUD,42,1D7yke3meXP4NYaRhTmXJMu8dzLD8dqDDD,0.017594825476408005,0.018743688240647316,-0.0011488627642393112,0.0011488627642393112,False,False,False,False,True
1,139343,1Eh9o3nbXSucz5Hj6Sap1bjM47f55J2JUD,42,1GmyXoUKLG2VYabNayKscVbCPwbjswaKMC,0.017594825476408005,0.01248577143996954,0.005109054036438465,0.005109054036438465,False,False,False,True,False
1,139343,1Eh9o3nbXSucz5Hj6Sap1bjM47f55J2JUD,42,1MCbcPAVCu4TE3i1kXkzXQsTCLZq6FL22W,0.017594825476408005,0.017640653997659683,-4.582852125167847e-05,4.582852125167847e-05,False,False,False,False,True
1,139343,1Eh9o3nbXSucz5Hj6Sap1bjM47f55J2JUD,42,1NPqgWPkLNZivw9ELpSv71XgKXXLY4tgT,0.017594825476408005,0.017820708453655243,-0.00022588297724723816,0.00022588297724723816,False,False,False,False,True
1,141018,1ErCUbPZuYwMDGrxMcFFfNSsfNefrtY7h2,42,1KD6iM6HxWc2UvY9ZK1vZEcQUidmoDxHFB,0.4594877064228058,0.42983710765838623,0.029650598764419556,0.029650598764419556,False,False,False,True,False
1,143697,1F66LQ2sLfAWG6Mh2GPxQ1QCxMwd2zvxF6,49,1JxfosgwwcUUkWKZLU2JvYjQqBwg3TKrea,0.012259739451110363,0.19724123179912567,-0.1849814923480153,0.1849814923480153,False,False,False,False,True
1,143717,1F6AVPo9rnuMcvsArAR9AHBg2zMD24dZ4e,47,1ETa4q9o8sCpxsHJCUmupaq9iDCvC7adQf,0.30149728059768677,0.5841798186302185,-0.28268253803253174,0.28268253803253174,False,False,False,False,True
1,144444,1F9xXer4M78q8MoZdXB6f1NCv7HyhFqQCV,44,3MMCb1DofhUKEpf4aGGs4rDj9QJs1HCrEJ,0.9962963461875916,0.9955878257751465,0.0007085204124450684,0.0007085204124450684,True,True,False,True,False
1,148480,1FWzCrQUVz7Fawj1dG5HERbSXirK4bEZNM,49,1GZbccX3cJJbfRC8WuKW1sFiTQXj8MPYpQ,0.8714413046836853,0.3598601520061493,0.511581152677536,0.511581152677536,False,False,False,True,False
1,150306,1FgyzmYmJCJ8EfAh3BsWiB8gsgswXYWRZz,44,3MMCb1DofhUKEpf4aGGs4rDj9QJs1HCrEJ,0.9962974190711975,0.9955646991729736,0.000732719898223877,0.000732719898223877,True,True,False,True,False
1,153653,1FzJ3CPAMqcZXtZ6oPGi459MwSiofrhfZX,49,3CXr8guRrcA8g9z9rqck87e7nv49KkKMKy,0.9933708906173706,0.9819201827049255,0.011450707912445068,0.011450707912445068,True,True,False,True,False
1,154707,1G61oKdshRzNzqzbo4bVuBcbvdUgduPYEk,47,18ZayqmKE8ThMMZzjwHH9pEC37oqfYDK16,0.7405943870544434,0.8024889230728149,-0.06189453601837158,0.06189453601837158,False,False,False,False,True
1,155496,1G9yd12FTuBQTRuYWnZfhKSPX46K9M5ZoV,49,1GZbccX3cJJbfRC8WuKW1sFiTQXj8MPYpQ,0.005601825192570686,0.0565781332552433,-0.050976308062672615,0.050976308062672615,False,False,False,False,True
1,156726,1GGWna3pYYMB6zKQGhpvvTy9PqExY1PB4T,46,38BoHtepsEZyWoCRKKyAe9gKW8wp3aPouM,0.5453526973724365,0.4136437177658081,0.13170897960662842,0.13170897960662842,False,False,False,True,False
1,158841,1GTbJgM8k5UCG1xigyqXEjCpLPQazYagr3,49,3CXr8guRrcA8g9z9rqck87e7nv49KkKMKy,0.9926685094833374,0.9748435616493225,0.017824947834014893,0.017824947834014893,True,True,False,True,False
1,159997,1GZbccX3cJJbfRC8WuKW1sFiTQXj8MPYpQ,49,17mqVbK2EuEbq3qUJbG84aB6MiYcDMSdXD,0.4328571557998657,0.42183446884155273,0.011022686958312988,0.011022686958312988,False,False,False,True,False
1,159997,1GZbccX3cJJbfRC8WuKW1sFiTQXj8MPYpQ,49,1D35hXfShWo4BUBJ4WsK5ve8EAnLLH4g2e,0.4328571557998657,0.46331366896629333,-0.030456513166427612,0.030456513166427612,False,False,False,False,True
1,162928,1Gq9CWL9m8ouWT2KbEedzkCUTFWSj1iaBx,42,1N52wHoVR79PMDishab2XmRHsbekCdGquK,0.5273979306221008,0.8561624884605408,-0.32876455783843994,0.32876455783843994,False,False,False,False,True
1,163608,1GtsWFkZS5dhHn58GW3bDAnjdCC64KcnGm,49,1ASCBAxmagSnPiTNJCznnpysoeyS6nFBi9,0.8359015583992004,0.8497355580329895,-0.013833999633789062,0.013833999633789062,False,False,False,False,True
1,165429,1H4Fs4CYkcTA77pUb4sVgcSpK2UucdiPu9,42,1GA2gaaZsf5tksmyFBi6devLX9N4Ed39Zc,0.009833666495978832,0.00927242822945118,0.0005612382665276527,0.0005612382665276527,False,False,False,True,False
1,165429,1H4Fs4CYkcTA77pUb4sVgcSpK2UucdiPu9,42,1N52wHoVR79PMDishab2XmRHsbekCdGquK,0.009833666495978832,0.012073983438313007,-0.002240316942334175,0.002240316942334175,False,False,False,False,True
1,165429,1H4Fs4CYkcTA77pUb4sVgcSpK2UucdiPu9,42,3EXkaZTkkc6E8rqQntbaJGYdtHoprGGtj4,0.009833666495978832,0.006227439269423485,0.0036062272265553474,0.0036062272265553474,False,False,False,True,False
1,168435,1HL6tSg5mUrXik5kdFBni4UTrAuPRps3P6,49,17mqVbK2EuEbq3qUJbG84aB6MiYcDMSdXD,0.25827500224113464,0.25756019353866577,0.0007148087024688721,0.0007148087024688721,False,False,False,True,False
1,168435,1HL6tSg5mUrXik5kdFBni4UTrAuPRps3P6,49,1AxcwffUwfdsbj5J3yHDYZr6rRLXw9Tb75,0.25827500224113464,0.27642622590065,-0.01815122365951538,0.01815122365951538,False,False,False,False,True
1,173231,1Hmm1KKPDUnwzZjRLSRPtVtTYe2KrEE4U3,48,39sfuA8pY4UfybgEZi7uvA13jkGzZpsg5K,0.9257346987724304,0.5826972723007202,0.3430374264717102,0.3430374264717102,False,False,False,True,False
1,176866,1J7Yb6aMNw1fWUMhqDApjrsLvX2mpLwBdU,49,15FkN73MjCXkfWnyWWw6phiTpwrUMRYXqF,0.9851742386817932,0.986412525177002,-0.0012382864952087402,0.0012382864952087402,True,True,False,False,True
1,176866,1J7Yb6aMNw1fWUMhqDApjrsLvX2mpLwBdU,49,18QUa57MjVrZ13Y2vQvCpayG9qaRMXR66H,0.9851742386817932,0.991177499294281,-0.006003260612487793,0.006003260612487793,True,True,False,False,True
1,177767,1JCRM3o11HL8nMYoryXsPJMGattUpVuEtm,49,3CXr8guRrcA8g9z9rqck87e7nv49KkKMKy,0.9932350516319275,0.9806295037269592,0.012605547904968262,0.012605547904968262,True,True,False,True,False
1,178656,1JHBUqaCHZpMpUeFGxBDsQ2vE1By7t5vYD,43,1FAv42GaDuQixSzEzSbx6aP1Kf4WVWpQUY,0.30411142110824585,0.9294514656066895,-0.6253400444984436,0.6253400444984436,False,False,False,False,True
1,179707,1JNchFeujbm786astAzpeRAVM1igPUMwYx,49,1MBH6uJKhjbjFoHY9UwTKs59SNzY2HerFa,0.5992281436920166,0.5954523682594299,0.00377577543258667,0.00377577543258667,False,False,False,True,False
1,179707,1JNchFeujbm786astAzpeRAVM1igPUMwYx,49,1PXTsK9NoznnN2GoWG7gUfwYVWxBmQvYxu,0.5992281436920166,0.6302189826965332,-0.0309908390045166,0.0309908390045166,False,False,False,False,True
1,179885,1JPSCTLSvV4iyTmgHgXDCuG3njkHfn3Uq,49,3CXr8guRrcA8g9z9rqck87e7nv49KkKMKy,0.9926685094833374,0.9748435616493225,0.017824947834014893,0.017824947834014893,True,True,False,True,False
1,180653,1JTVuDxKtSDhW8HmP39eAmF9346fENasfk,42,1KD6iM6HxWc2UvY9ZK1vZEcQUidmoDxHFB,0.8495060205459595,0.9059416055679321,-0.056435585021972656,0.056435585021972656,False,False,False,False,True
1,185803,1Jvd1SSGwHnxa8QjWHSuxSVtCQNdk2Vsb5,42,17A16QmavnUfCW11DAApiJxp7ARnxN5pGX,0.6620007157325745,0.9044424891471863,-0.24244177341461182,0.24244177341461182,False,False,False,False,True
1,186169,1JxfosgwwcUUkWKZLU2JvYjQqBwg3TKrea,49,187P8BBqdHJXyjmgSK6YTTfkgYWJG7NFMY,0.28809434175491333,0.2935557961463928,-0.005461454391479492,0.005461454391479492,False,False,False,False,True
1,186169,1JxfosgwwcUUkWKZLU2JvYjQqBwg3TKrea,49,1K569MWDfdKuDb8iP8EPkFMCJ2FSf1kduk,0.28809434175491333,0.2998114824295044,-0.011717140674591064,0.011717140674591064,False,False,False,False,True
1,187342,1K569MWDfdKuDb8iP8EPkFMCJ2FSf1kduk,48,12pkJ4BgY4ZxMDvYPP7VXSHajzwUjtaZY4,0.002357400953769684,0.0025697480887174606,-0.0002123471349477768,0.0002123471349477768,False,False,False,False,True
1,188832,1KD6iM6HxWc2UvY9ZK1vZEcQUidmoDxHFB,42,15X1Pv4vNrcY9qtakYuQ1oziY3qKtzG8pv,0.9203786253929138,0.9195986390113831,0.0007799863815307617,0.0007799863815307617,False,False,False,True,False
1,188832,1KD6iM6HxWc2UvY9ZK1vZEcQUidmoDxHFB,42,1Awqsuiy5Df6VMFvNq7SawDCGJWU4Rg3Ky,0.9203786253929138,0.9232136011123657,-0.0028349757194519043,0.0028349757194519043,False,False,False,False,True
1,189193,1KEz8TcfKPeq8qA3dPhFmTQx2umyh2yRDa,49,12BnHTsE9qQWBgSoG3LWGnokKJtS6A1CKE,0.1890273243188858,0.18747040629386902,0.0015569180250167847,0.0015569180250167847,False,False,False,True,False
1,189193,1KEz8TcfKPeq8qA3dPhFmTQx2umyh2yRDa,49,1KpQ9EU4bL7BnrgeqsjJt9fhfJ7JzC875T,0.1890273243188858,0.21969690918922424,-0.03066958487033844,0.03066958487033844,False,False,False,False,True
1,191415,1KSEn34ZNtFA5Ah2KXDBEc59jryebt6S4X,45,17BymcHaGRbXGnEzR2m9woUYNf9FBPPJ2P,0.005459606181830168,0.007917712442576885,-0.0024581062607467175,0.0024581062607467175,False,False,False,False,True
1,192588,1KYFfwYi2HiCrrEBWd9Mvex6T2yTadT6D2,44,3MMCb1DofhUKEpf4aGGs4rDj9QJs1HCrEJ,0.9962974190711975,0.9955646991729736,0.000732719898223877,0.000732719898223877,True,True,False,True,False
1,195740,1KpQ9EU4bL7BnrgeqsjJt9fhfJ7JzC875T,47,1H7iXk3DJBgqShM3ADiKGggQmqMNUMhogm,0.027268873527646065,0.04287640377879143,-0.015607530251145363,0.015607530251145363,False,False,False,False,True
1,196822,1Kuprz8EKEVX85a1m6j5ZRJzcbHE8YANWP,44,3MMCb1DofhUKEpf4aGGs4rDj9QJs1HCrEJ,0.9962974190711975,0.9955646991729736,0.000732719898223877,0.000732719898223877,True,True,False,True,False
1,198008,1L2GKz8xzgYXDpPgrsmSsdjZo73ehJQX7z,43,1JNePVExrvnWcJnouKMoV6zC9KPr6tcjjP,0.41487887501716614,0.5697189569473267,-0.15484008193016052,0.15484008193016052,False,False,False,False,True
1,198589,1L5Fa9sAjpmH9X7CorqnzJWi6Wo9SeH2Ft,49,1LPkxJBrtvZvSRwaUkmXQrJtLwxUNkSRsd,0.038728971034288406,0.25899142026901245,-0.22026244923472404,0.22026244923472404,False,False,False,False,True
1,199123,1L8PsiDHmetA5rAgW6W9ry8LE7yPEBXwBB,44,15ymZ1HC2WuUc2T9rXjjjbFUrpWf213fkR,0.9154030680656433,0.6654783487319946,0.24992471933364868,0.24992471933364868,False,False,False,True,False
1,206144,1Lo45R8qkKDurPwtAU4wy6iyYYFpRPwhQa,48,1764h5LFJk1kEHxViPn5Z6GKRviuCmXmq7,0.5077973008155823,0.5238903760910034,-0.016093075275421143,0.016093075275421143,False,False,False,False,True
1,206144,1Lo45R8qkKDurPwtAU4wy6iyYYFpRPwhQa,48,1DnNbpJKecqrSA3ZP8oTWm3A7S93sqpBxt,0.5077973008155823,0.5407726168632507,-0.03297531604766846,0.03297531604766846,False,False,False,False,True
1,210318,1MBH6uJKhjbjFoHY9UwTKs59SNzY2HerFa,47,1JNchFeujbm786astAzpeRAVM1igPUMwYx,0.7806455492973328,0.8133600354194641,-0.03271448612213135,0.03271448612213135,False,False,False,False,True
1,212285,1MMVcJuPfLEygV5tgYDBg3eDeLeZ5i3idb,49,1JNchFeujbm786astAzpeRAVM1igPUMwYx,0.9655927419662476,0.8707187175750732,0.09487402439117432,0.09487402439117432,True,False,True,True,False
1,212613,1MP4tLmxSjuyLB93uvjAwbXdftZXJ2EDQ5,47,1ETa4q9o8sCpxsHJCUmupaq9iDCvC7adQf,0.3316645622253418,0.6923206448554993,-0.36065608263015747,0.36065608263015747,False,False,False,False,True
1,212839,1MQHNrkwv8yyn2uXsah1vTHm3P8dByGGmD,47,17giXgQLSosQDgMT5RV8HSFhyiEhQxnbK4,0.05679578706622124,0.049002546817064285,0.007793240249156952,0.007793240249156952,False,False,False,True,False
1,212839,1MQHNrkwv8yyn2uXsah1vTHm3P8dByGGmD,47,1BSQhuxTACyQukfgv4T2kSok9V1CY67bjn,0.05679578706622124,0.06996403634548187,-0.013168249279260635,0.013168249279260635,False,False,False,False,True
1,212839,1MQHNrkwv8yyn2uXsah1vTHm3P8dByGGmD,47,1KNUpuWaPpozPvoJXUEP75rpPEy4HZzcqS,0.05679578706622124,0.06885046511888504,-0.012054678052663803,0.012054678052663803,False,False,False,False,True
1,213518,1MUEYeXdUNrz1zvhAjEp1i6TN2JpNci9xA,44,3MMCb1DofhUKEpf4aGGs4rDj9QJs1HCrEJ,0.9962974190711975,0.9955646991729736,0.000732719898223877,0.000732719898223877,True,True,False,True,False
1,219648,1N2i5g2HMZaLMD3qXZ7D3o7xa5gurF938a,46,38BoHtepsEZyWoCRKKyAe9gKW8wp3aPouM,0.5961297154426575,0.4658733010292053,0.13025641441345215,0.13025641441345215,False,False,False,True,False
1,220036,1N4sMnEDftDJayKBvQ5T6ktAwu4W2B5jAH,48,1347PE3ZDokSsE2Ws1ZvtftPXCuR4NjJsQ,0.004071902949362993,0.009808056987822056,-0.005736154038459063,0.005736154038459063,False,False,False,False,True
1,220036,1N4sMnEDftDJayKBvQ5T6ktAwu4W2B5jAH,48,16FTZ3gTGqLZo5eV2zqkQwdn7oTsAnwTb4,0.004071902949362993,0.005585494916886091,-0.001513591967523098,0.001513591967523098,False,False,False,False,True
1,221247,1NBVRtHcETRehoackqWxW8yCkysJsZF2vA,49,1ASCBAxmagSnPiTNJCznnpysoeyS6nFBi9,0.031530655920505524,0.18888622522354126,-0.15735556930303574,0.15735556930303574,False,False,False,False,True
1,222576,1NJYhxU4Q4Rmau1HGjJdJAUggqn5YVBdMz,43,17A16QmavnUfCW11DAApiJxp7ARnxN5pGX,0.15892349183559418,0.6012106537818909,-0.4422871619462967,0.4422871619462967,False,False,False,False,True
1,224114,1NSn81TebU8xJm9YqCMgNqe1GA7c8ZZKYu,42,12cgpFdJViXbwHbhrA3TuW1EGnL25Zqc3P,0.2693212330341339,0.9942740797996521,-0.7249528467655182,0.7249528467655182,False,True,True,False,True
1,226299,1NeLE9EAhu6nGDhShaRfXtbX9dAqsCuTme,42,17tuUbfeLanNs3CiugCFgtGnBT7Q8Pn4qa,0.2763868570327759,0.4013017416000366,-0.12491488456726074,0.12491488456726074,False,False,False,False,True
1,226299,1NeLE9EAhu6nGDhShaRfXtbX9dAqsCuTme,42,1Adnw7DhGpsxhZkNyHNvhfy8jSzfnW5Xoj,0.2763868570327759,0.25546857714653015,0.020918279886245728,0.020918279886245728,False,False,False,True,False
1,231181,1P67ks4WtnAhzMoNd5ykwbmgyH8f1q4Jhu,44,3MMCb1DofhUKEpf4aGGs4rDj9QJs1HCrEJ,0.9962822794914246,0.9952815175056458,0.0010007619857788086,0.0010007619857788086,True,True,False,True,False
1,232266,1PBctcXYw3kfPWrJzuUdqcRPZU97pcNp8z,49,3CXr8guRrcA8g9z9rqck87e7nv49KkKMKy,0.9931631088256836,0.9799305200576782,0.013232588768005371,0.013232588768005371,True,True,False,True,False
1,232456,1PCa8mQzJpQbqK8cCbqYUuiHBaJEiuZUCc,46,1FvtWwP3ePJDeR6K7ZePGujUuusUTds8Vy,0.04429909586906433,0.07265856117010117,-0.028359465301036835,0.028359465301036835,False,False,False,False,True
1,236057,1PXTsK9NoznnN2GoWG7gUfwYVWxBmQvYxu,47,1JNchFeujbm786astAzpeRAVM1igPUMwYx,0.1881519854068756,0.14891095459461212,0.03924103081226349,0.03924103081226349,False,False,False,True,False
1,237552,1PfoMjUFF47qEQKqoqft3Kxz69XXw2a1LW,46,38BoHtepsEZyWoCRKKyAe9gKW8wp3aPouM,0.9121979475021362,0.8819015622138977,0.030296385288238525,0.030296385288238525,False,False,False,True,False
1,242903,1QAtJPxfVTYpobNa9BrgU6WypzyJJEGZXP,43,1asrsnCiseKwF1cKqRvsszHnq6FUYuAX7,0.9802835583686829,0.9138108491897583,0.06647270917892456,0.06647270917892456,True,False,True,True,False
1,243983,1QGwsZRRNdpPPaATCb7yK5q6FLxouBt8Hu,49,1DwX1NA2r5hsPnNm72B3W5pTLBczvHKDoh,0.007595459930598736,0.009966561570763588,-0.002371101640164852,0.002371101640164852,False,False,False,False,True
1,243983,1QGwsZRRNdpPPaATCb7yK5q6FLxouBt8Hu,49,1HL6tSg5mUrXik5kdFBni4UTrAuPRps3P6,0.007595459930598736,0.009678983129560947,-0.0020835231989622116,0.0020835231989622116,False,False,False,False,True
1,245307,1U5TTgSe6aG5v3yZF2iVeMyyuf8xMTvAb,49,1959snj1ovEnJP6ce9Aav2RuxDhZQEoCyh,0.9863633513450623,0.9696309566497803,0.016732394695281982,0.016732394695281982,True,True,False,True,False
1,246310,1ZXfybbikifb76be8Ubmnoxf8GJb59uEt,49,19aEYBAZzz6hiysK1h9GfeF1hvXASRHHW5,0.3551602363586426,0.4227202534675598,-0.06756001710891724,0.06756001710891724,False,False,False,False,True
1,246310,1ZXfybbikifb76be8Ubmnoxf8GJb59uEt,49,1DCsSV3zHRDMgxqGqimNumA81f4GKJUmba,0.3551602363586426,0.3728909492492676,-0.017730712890625,0.017730712890625,False,False,False,False,True
1,246550,1asrsnCiseKwF1cKqRvsszHnq6FUYuAX7,43,1CgL9cadWu6XwWAkfRYGc7XBuYtUEMTsUT,0.3574240207672119,0.3493405282497406,0.008083492517471313,0.008083492517471313,False,False,False,True,False
1,246550,1asrsnCiseKwF1cKqRvsszHnq6FUYuAX7,43,1E235xTx9Q2sGygH4eHHhLZ1n18qRF9zRT,0.3574240207672119,0.3745082914829254,-0.0170842707157135,0.0170842707157135,False,False,False,False,True
1,246550,1asrsnCiseKwF1cKqRvsszHnq6FUYuAX7,43,1F8zLazqH3pM3RQWPnzuaEnytobGvwS85R,0.3574240207672119,0.10970036685466766,0.24772365391254425,0.24772365391254425,False,False,False,True,False
1,246550,1asrsnCiseKwF1cKqRvsszHnq6FUYuAX7,43,1HK4LDW2Ct4oiqbCxiR67XfE7pekKqFwqf,0.3574240207672119,0.37470388412475586,-0.017279863357543945,0.017279863357543945,False,False,False,False,True
1,246550,1asrsnCiseKwF1cKqRvsszHnq6FUYuAX7,43,1HKrstBUg1QjkgRJWHEixDnPdYCmhMJsqz,0.3574240207672119,0.37448614835739136,-0.017062127590179443,0.017062127590179443,False,False,False,False,True
1,246550,1asrsnCiseKwF1cKqRvsszHnq6FUYuAX7,43,1HiydHrexzDiCQ99PJ4JySC9YPkKTWDDjF,0.3574240207672119,0.37449899315834045,-0.01707497239112854,0.01707497239112854,False,False,False,False,True
1,246734,1c1YL8Zxoc9R1VYnpWp5HrFRrus3WH8an,46,38BoHtepsEZyWoCRKKyAe9gKW8wp3aPouM,0.5816118717193604,0.4505622684955597,0.13104960322380066,0.13104960322380066,False,False,False,True,False
1,247326,1fEhrfj53qcHD8nHxtUtwkjfiykJDZEhD,49,1DwX1NA2r5hsPnNm72B3W5pTLBczvHKDoh,0.8785513639450073,0.951646089553833,-0.07309472560882568,0.07309472560882568,False,False,False,False,True
1,247326,1fEhrfj53qcHD8nHxtUtwkjfiykJDZEhD,49,1HL6tSg5mUrXik5kdFBni4UTrAuPRps3P6,0.8785513639450073,0.876776397228241,0.0017749667167663574,0.0017749667167663574,False,False,False,True,False
1,247713,1hQTvXsaYwtrkq499vLPGLYsPCyyfKaQ9,49,1LPkxJBrtvZvSRwaUkmXQrJtLwxUNkSRsd,0.6053279638290405,0.5450370907783508,0.0602908730506897,0.0602908730506897,False,False,False,True,False
1,248227,1jxX29fe37u8sL7jQr9CD9aAWuB7QApyC,45,12Nky4Abg6K5KPRJV2CiVDkK38cYih9qfq,0.8132561445236206,0.8963090777397156,-0.08305293321609497,0.08305293321609497,False,False,False,False,True
1,248227,1jxX29fe37u8sL7jQr9CD9aAWuB7QApyC,45,1DnigX5TYZ1z92hatgPUTfPKm6d21XDVyo,0.8132561445236206,0.6740133762359619,0.1392427682876587,0.1392427682876587,False,False,False,True,False
1,249270,1qXt4skmNV9iDEatDci1zeQwUcTNPpiPK,48,1Lo45R8qkKDurPwtAU4wy6iyYYFpRPwhQa,0.5861344337463379,0.5834629535675049,0.002671480178833008,0.002671480178833008,False,False,False,True,False
1,249639,1sT8pTFS7urkmwWgR6gq81TiKpVSRKdHM,42,19ScWFkhyDc6bDhSJ28xtj9juPq48V9Sv7,0.8815614581108093,0.8459687232971191,0.035592734813690186,0.035592734813690186,False,False,False,True,False
1,250362,1wQc7SohFenbB1yciK8Te6ZZNvFMZqxu8,48,1Lo45R8qkKDurPwtAU4wy6iyYYFpRPwhQa,0.10336422175168991,0.38555121421813965,-0.28218699246644974,0.28218699246644974,False,False,False,False,True
1,268638,3BrZAPtb7tBW7nkfbCMgMGG5Ai3UYpHTsM,42,1EgVDZjJeRYV7fEpGv5fi4bG6H4NtAX6Fa,0.9567270874977112,0.9630900621414185,-0.006362974643707275,0.006362974643707275,False,False,False,False,True
1,268638,3BrZAPtb7tBW7nkfbCMgMGG5Ai3UYpHTsM,42,1FktjjJY6rXwgViX42Qxk3J3v1v22Rxw8b,0.9567270874977112,0.9616742134094238,-0.0049471259117126465,0.0049471259117126465,False,False,False,False,True
1,271678,3DaXfvpvxZUSPS6Hv133f71MG8f9bnhGtB,45,1AGvs3vZQ8rwhREcn1todsP1Cex6qZTCik,0.333080917596817,0.3594847321510315,-0.026403814554214478,0.026403814554214478,False,False,False,False,True
1,271678,3DaXfvpvxZUSPS6Hv133f71MG8f9bnhGtB,45,1BLRZf3TB9SEL26RxF54Lk7eDrjbSnA3ZT,0.333080917596817,0.34252312779426575,-0.00944221019744873,0.00944221019744873,False,False,False,False,True
1,271678,3DaXfvpvxZUSPS6Hv133f71MG8f9bnhGtB,45,1D3hJYUeebLsmxtjDnzvWwaumax1ipefBa,0.333080917596817,0.3674990236759186,-0.03441810607910156,0.03441810607910156,False,False,False,False,True
1,271915,3DiugMuhM9FrK4hV7My5b19s5bcC4pHvjX,45,1GNqGgYazbzdV354HnFwqPv3JteKDjKaqG,0.010743485763669014,0.010711912997066975,3.157276660203934e-05,3.157276660203934e-05,False,False,False,True,False
1,271915,3DiugMuhM9FrK4hV7My5b19s5bcC4pHvjX,45,1M4EnibRGxbEEYQHtkh7o1q5s24hUaEZ34,0.010743485763669014,0.011864547617733479,-0.0011210618540644646,0.0011210618540644646,False,False,False,False,True
1,275156,3FZQWXCKnEo4eD6mo27Rpxq2bwELbB8ojc,47,1DHHJdsakHN7tCuLziQqfUHFK5RKpJB6RN,0.9376765489578247,0.9441742897033691,-0.006497740745544434,0.006497740745544434,False,False,False,False,True
1,275156,3FZQWXCKnEo4eD6mo27Rpxq2bwELbB8ojc,47,1FDqi4NGvGiqf2zqYSx6iLo6Pd8y9N8WVj,0.9376765489578247,0.9444580078125,-0.006781458854675293,0.006781458854675293,False,False,False,False,True
1,275156,3FZQWXCKnEo4eD6mo27Rpxq2bwELbB8ojc,47,1LnNUMRzUmc7BuqW4q9Zgij1SsH9SU3TdJ,0.9376765489578247,0.9418386220932007,-0.0041620731353759766,0.0041620731353759766,False,False,False,False,True
1,280420,3JhCRkemCzWByjGsnuh82LCqXEaToSCCzV,43,13jttFaLnhiQcFo4hYXnMNdZMNQapzyK5J,0.9042463302612305,0.9147375226020813,-0.01049119234085083,0.01049119234085083,False,False,False,False,True
1,280420,3JhCRkemCzWByjGsnuh82LCqXEaToSCCzV,43,15ws9hmVXfWqwKUGGBFfqUAYg4pCWp5i65,0.9042463302612305,0.914738118648529,-0.010491788387298584,0.010491788387298584,False,False,False,False,True
1,280420,3JhCRkemCzWByjGsnuh82LCqXEaToSCCzV,43,191Fg7VG5MFAxsr4tKZHdzyuqktNYL4k3M,0.9042463302612305,0.9111276865005493,-0.006881356239318848,0.006881356239318848,False,False,False,False,True
1,280420,3JhCRkemCzWByjGsnuh82LCqXEaToSCCzV,43,1KZQGAA4jT4EQKvmMcWoEhX8eRGwcH95Rs,0.9042463302612305,0.9162733554840088,-0.01202702522277832,0.01202702522277832,False,False,False,False,True
1,280420,3JhCRkemCzWByjGsnuh82LCqXEaToSCCzV,43,1Nd4WoUggkZ71AYxsAVPChMzSztrFKduvY,0.9042463302612305,0.9111186861991882,-0.006872355937957764,0.006872355937957764,False,False,False,False,True
1,286592,3NLyzZRyEMmwsASjT88NnYHotkCxkjw4oT,45,129EZEk9iu73adHScv3Qu4QibtsTAWSrus,0.9206900596618652,0.9257592558860779,-0.0050691962242126465,0.0050691962242126465,False,False,False,False,True
1,286592,3NLyzZRyEMmwsASjT88NnYHotkCxkjw4oT,45,149R7hMKKU78PU1t2nqX22qtWAyR9R7A4Z,0.9206900596618652,0.9261899590492249,-0.005499899387359619,0.005499899387359619,False,False,False,False,True
1,286592,3NLyzZRyEMmwsASjT88NnYHotkCxkjw4oT,45,15hUn7S97RCoo2A3f5ppy6MJZNToRKnW3R,0.9206900596618652,0.9244318604469299,-0.0037418007850646973,0.0037418007850646973,False,False,False,False,True
1,286592,3NLyzZRyEMmwsASjT88NnYHotkCxkjw4oT,45,1BRnBXZ9CZuDxTNfNNAkvoDSS18R6f7KFf,0.9206900596618652,0.9248031973838806,-0.004113137722015381,0.004113137722015381,False,False,False,False,True
1,286592,3NLyzZRyEMmwsASjT88NnYHotkCxkjw4oT,45,1CPCGQYeGg21J8ALCahdtn6PRJJUg84MPM,0.9206900596618652,0.9266557097434998,-0.0059656500816345215,0.0059656500816345215,False,False,False,False,True
1,286592,3NLyzZRyEMmwsASjT88NnYHotkCxkjw4oT,45,1KfNpZTbam5dLXuGzFeCEX1ecbzkWx8Tv2,0.9206900596618652,0.923321008682251,-0.002630949020385742,0.002630949020385742,False,False,False,False,True
1,286592,3NLyzZRyEMmwsASjT88NnYHotkCxkjw4oT,45,1MoCk52G8cz4KPuNPMXdpe2rBCgTbSTK6R,0.9206900596618652,0.9268411993980408,-0.006151139736175537,0.006151139736175537,False,False,False,False,True
1,286592,3NLyzZRyEMmwsASjT88NnYHotkCxkjw4oT,45,1NLxMQRd4BzMh2ka4vgomUQKBuhhrhKVgG,0.9206900596618652,0.9266150593757629,-0.005924999713897705,0.005924999713897705,False,False,False,False,True
1,286592,3NLyzZRyEMmwsASjT88NnYHotkCxkjw4oT,45,1PXEWSDeNNeiHHoHJPvBQPVWb3Ks3cfhTB,0.9206900596618652,0.9209190011024475,-0.0002289414405822754,0.0002289414405822754,False,False,False,False,True
1,286592,3NLyzZRyEMmwsASjT88NnYHotkCxkjw4oT,45,37rmdmN7hHRWb8b6Xvzsj6L5zmhsXjJKec,0.9206900596618652,0.9199157953262329,0.0007742643356323242,0.0007742643356323242,False,False,False,True,False
1,286592,3NLyzZRyEMmwsASjT88NnYHotkCxkjw4oT,45,39sfuA8pY4UfybgEZi7uvA13jkGzZpsg5K,0.9206900596618652,0.8881175518035889,0.03257250785827637,0.03257250785827637,False,False,False,True,False
1,286592,3NLyzZRyEMmwsASjT88NnYHotkCxkjw4oT,45,3Am8uxB9RBnHk2uBpapYBPxofVK4zJySQX,0.9206900596618652,0.921129047870636,-0.00043898820877075195,0.00043898820877075195,False,False,False,False,True
1,286592,3NLyzZRyEMmwsASjT88NnYHotkCxkjw4oT,45,3GX5iHbSJ4mc42BtqAQKtoyfYVRu9JKfuB,0.9206900596618652,0.9216269850730896,-0.0009369254112243652,0.0009369254112243652,False,False,False,False,True
1,286592,3NLyzZRyEMmwsASjT88NnYHotkCxkjw4oT,45,3M22qkooDXywKiunyZZARcDAN8fG4F6pub,0.9206900596618652,0.9187312722206116,0.001958787441253662,0.001958787441253662,False,False,False,True,False
1,286592,3NLyzZRyEMmwsASjT88NnYHotkCxkjw4oT,45,3Qh6xuHMw5jqyi525fZj9XjLxQTpb1CFEC,0.9206900596618652,0.9210831522941589,-0.00039309263229370117,0.00039309263229370117,False,False,False,False,True
1,291073,3QpsKHJUpnYCCYX5Nbo1hh4Hva9v3Kzyhg,43,1JNePVExrvnWcJnouKMoV6zC9KPr6tcjjP,0.8979282379150391,0.9538182020187378,-0.05588996410369873,0.05588996410369873,False,False,False,False,True
1,291091,3QqF1iHxztxRLWtsaoWSnWcPcUAZSJDJfM,42,14giZyCQDGHSpSyVygyw7viGTcc9uvVoSp,0.9022440910339355,0.907646894454956,-0.005402803421020508,0.005402803421020508,False,False,False,False,True
1,291091,3QqF1iHxztxRLWtsaoWSnWcPcUAZSJDJfM,42,19yYEwstiwMgHCtSfySypF2qBV4qG5rhcU,0.9022440910339355,0.9076772332191467,-0.005433142185211182,0.005433142185211182,False,False,False,False,True
1,291091,3QqF1iHxztxRLWtsaoWSnWcPcUAZSJDJfM,42,1CADPoDkxyfzi8vFsX3Lucg7vbb1TjHEYz,0.9022440910339355,0.9040367007255554,-0.001792609691619873,0.001792609691619873,False,False,False,False,True
1,291091,3QqF1iHxztxRLWtsaoWSnWcPcUAZSJDJfM,42,1DCnyDcNM2aT2KtYTq9FRuroKBxJutdG76,0.9022440910339355,0.9040359854698181,-0.0017918944358825684,0.0017918944358825684,False,False,False,False,True
0,47008,16HRebn7XXvuLopHZp6BXF76ehR5QqpJrV,43,1N52wHoVR79PMDishab2XmRHsbekCdGquK,0.004200843162834644,0.0075316098518669605,-0.003330766689032316,0.003330766689032316,False,False,False,False,True
0,26899,14QtY14DDsxrJQRLq63qNuWLQYYK8VkecA,47,16NNAn7NNLHKNM63R9Q4RRyZHYRihK69zg,0.005148493684828281,0.0036663012579083443,0.0014821924269199371,0.0014821924269199371,False,False,False,True,False
0,26899,14QtY14DDsxrJQRLq63qNuWLQYYK8VkecA,47,17A16QmavnUfCW11DAApiJxp7ARnxN5pGX,0.005148493684828281,0.003342329990118742,0.0018061636947095394,0.0018061636947095394,False,False,False,True,False
0,26899,14QtY14DDsxrJQRLq63qNuWLQYYK8VkecA,47,1N52wHoVR79PMDishab2XmRHsbekCdGquK,0.005148493684828281,0.01278787013143301,-0.007639376446604729,0.007639376446604729,False,False,False,False,True
0,26899,14QtY14DDsxrJQRLq63qNuWLQYYK8VkecA,47,3KAHHqjaKhLiB8U4yWcB69LsMJjDxqecWD,0.005148493684828281,0.0036191774997860193,0.001529316185042262,0.001529316185042262,False,False,False,True,False
0,27625,14UoK87EFUAND4s3yxJR75T3ZvohscYTxo,48,1E5dw2TfvkWeFSy2QFudNiQptT7gCiMMx6,0.002754098502919078,0.0024891153443604708,0.0002649831585586071,0.0002649831585586071,False,False,False,True,False
0,27625,14UoK87EFUAND4s3yxJR75T3ZvohscYTxo,48,1GX28yLjVWux7ws4UQ9FB4MnLH4UKTPK2z,0.002754098502919078,0.029603172093629837,-0.02684907359071076,0.02684907359071076,False,False,False,False,True
0,152551,1Fttxepxr1RcQjgtBkiCwqDmNE3AfBBWvJ,46,17A16QmavnUfCW11DAApiJxp7ARnxN5pGX,0.00612151063978672,0.008061244152486324,-0.001939733512699604,0.001939733512699604,False,False,False,False,True
0,213328,1MTFktyEjLGLK9ha8Ltkx2HG3nehRXMRY2,46,1Hy9riX3QPoh5G2XrQvLFfjbLMSvBkocjq,0.0031078262254595757,0.0035857688635587692,-0.0004779426380991936,0.0004779426380991936,False,False,False,False,True
0,213328,1MTFktyEjLGLK9ha8Ltkx2HG3nehRXMRY2,46,1N52wHoVR79PMDishab2XmRHsbekCdGquK,0.0031078262254595757,0.004048571456223726,-0.0009407452307641506,0.0009407452307641506,False,False,False,False,True
0,279958,3JQah2aJiULK2zLTnW5WCMWF6hGe1mpcdG,42,19j9W21psaLRGCYrHPVQHpPRsmxtpSD3MW,0.326071172952652,0.22341053187847137,0.1026606410741806,0.1026606410741806,False,False,False,True,False
0,279958,3JQah2aJiULK2zLTnW5WCMWF6hGe1mpcdG,42,1H1HkhfHuDa3PWi4cDn7u34mT3ePg2jL1g,0.326071172952652,0.40674057602882385,-0.08066940307617188,0.08066940307617188,False,False,False,False,True
0,279958,3JQah2aJiULK2zLTnW5WCMWF6hGe1mpcdG,42,1KmZzMuFonWaqd4LE6ZMYdpQtVGYMqXoqG,0.326071172952652,0.34570080041885376,-0.019629627466201782,0.019629627466201782,False,False,False,False,True
0,279958,3JQah2aJiULK2zLTnW5WCMWF6hGe1mpcdG,42,35AnUd6znjGwzXZLa9tkjbAyAmaPeDwPPr,0.326071172952652,0.3619941473007202,-0.03592297434806824,0.03592297434806824,False,False,False,False,True
0,239782,1PshPXT9RZfcq3KkJu9GryitmmMp8YGnGP,45,12PzFi4xtUKbFqpY5ZqGngNkcMMZgtkLVq,0.003122521797195077,0.002634164411574602,0.0004883573856204748,0.0004883573856204748,False,False,False,True,False
0,239782,1PshPXT9RZfcq3KkJu9GryitmmMp8YGnGP,45,17A16QmavnUfCW11DAApiJxp7ARnxN5pGX,0.003122521797195077,0.002946933265775442,0.00017558853141963482,0.00017558853141963482,False,False,False,True,False
0,239782,1PshPXT9RZfcq3KkJu9GryitmmMp8YGnGP,45,1FWK9ZfQKM6T38NW7qe5GmwPyqY1caLbXG,0.003122521797195077,0.002666821237653494,0.00045570055954158306,0.00045570055954158306,False,False,False,True,False
0,239782,1PshPXT9RZfcq3KkJu9GryitmmMp8YGnGP,45,1N52wHoVR79PMDishab2XmRHsbekCdGquK,0.003122521797195077,0.004351247567683458,-0.0012287257704883814,0.0012287257704883814,False,False,False,False,True
0,120496,1CwhNhedNVjU2rkrB1w3okD8yxMu9DpomV,48,1FmGo2WMExLdGzvFnH1q8rsFhN9Ppzon8,0.004407582804560661,0.003736073151230812,0.0006715096533298492,0.0006715096533298492,False,False,False,True,False
0,120496,1CwhNhedNVjU2rkrB1w3okD8yxMu9DpomV,48,1GX28yLjVWux7ws4UQ9FB4MnLH4UKTPK2z,0.004407582804560661,0.09743064641952515,-0.09302306361496449,0.09302306361496449,False,False,False,False,True
0,117913,1CiEnaahGUVXLwHy14noSsJhCtetsfk26F,48,1DML4Wx7hz2hcvwb89NK6VmFLbDJzN4x4b,0.0021466847974807024,0.0022529445122927427,-0.00010625971481204033,0.00010625971481204033,False,False,False,False,True
0,117913,1CiEnaahGUVXLwHy14noSsJhCtetsfk26F,48,1KJuzWJat7HUgGSFaGbU2QiLoUeiF5Y6dn,0.0021466847974807024,0.002254485385492444,-0.00010780058801174164,0.00010780058801174164,False,False,False,False,True
0,117913,1CiEnaahGUVXLwHy14noSsJhCtetsfk26F,48,1Kzwj6ZWSemKSHjbKVDnYRmJNqBxmESQtU,0.0021466847974807024,0.0021932339295744896,-4.654913209378719e-05,4.654913209378719e-05,False,False,False,False,True
0,176551,1J5ktq5dZ9H1kgFMvH88gqYi5u8CLJiSJL,43,12ucu9bHLe2w2ahjibVtp3xmdcGkgUmX4A,0.0029037788044661283,0.0038928843569010496,-0.0009891055524349213,0.0009891055524349213,False,False,False,False,True
0,176551,1J5ktq5dZ9H1kgFMvH88gqYi5u8CLJiSJL,43,1DxFj2zLBLXSM3ETEr4RZr6KcBEeaGAwoT,0.0029037788044661283,0.0029639641288667917,-6.0185324400663376e-05,6.0185324400663376e-05,False,False,False,False,True
0,176551,1J5ktq5dZ9H1kgFMvH88gqYi5u8CLJiSJL,43,1GX28yLjVWux7ws4UQ9FB4MnLH4UKTPK2z,0.0029037788044661283,0.004756211303174496,-0.0018524324987083673,0.0018524324987083673,False,False,False,False,True
0,275360,3FgCjBtES3bYsHsjFa2TezJiTysVzjuG8P,44,17A16QmavnUfCW11DAApiJxp7ARnxN5pGX,0.0044677117839455605,0.013436741195619106,-0.008969029411673546,0.008969029411673546,False,False,False,False,True
0,10240,12tCSfiAv6onu4PoCRDaCguuxsjhoYgsLT,47,17WakVdjTNbtFBzhtNCdSv65mkHDc4eUpC,0.002238899702206254,0.0026090156752616167,-0.0003701159730553627,0.0003701159730553627,False,False,False,False,True
0,47079,16HqjcudUD8RWwgEWuC49Du22ULQxzgJiS,48,1GX28yLjVWux7ws4UQ9FB4MnLH4UKTPK2z,0.006922219414263964,0.1151534840464592,-0.10823126463219523,0.10823126463219523,False,False,False,False,True
0,50313,16b3hdiSqjPNx217REaNqzWrQbYnFqn6eL,43,1NtHN8Tx7MSGZ3XNx5iyNSRqsmQVnb3Ab6,0.008430182933807373,0.2454770803451538,-0.23704689741134644,0.23704689741134644,False,False,False,False,True
0,229768,1NxfTtx5GuWtVMpxmDJ75H81t3p3xMrRg4,47,34NRoKBRK8y1tvKdN6XZE2Wodqb5YfmCV9,0.0036487022880464792,0.004300778266042471,-0.0006520759779959917,0.0006520759779959917,False,False,False,False,True
0,229768,1NxfTtx5GuWtVMpxmDJ75H81t3p3xMrRg4,47,3Q5Z56QaBoyetUR627RzR38jPBXyQp8Pz9,0.0036487022880464792,0.004027872812002897,-0.00037917052395641804,0.00037917052395641804,False,False,False,False,True
0,288345,3PK1G4doPAXVEEANaAmDdpMrY2R7SUxj2A,45,1PXEWSDeNNeiHHoHJPvBQPVWb3Ks3cfhTB,0.7066555619239807,0.6332973837852478,0.07335817813873291,0.07335817813873291,False,False,False,True,False
0,55396,173Z9tMRjXd95CnBWoHqFWGisDgXaWCpJ5,45,1Nu5GC9hpp8THFuS7KcbScYVQCHbNtrLXz,0.0026805431116372347,0.002890038536861539,-0.0002094954252243042,0.0002094954252243042,False,False,False,False,True
0,11253,12yZgoDGgiJc3iPriAKTgqRnSB65fW8zoZ,49,1DFLghp9kw2f6B32LisVzWkyx9qEnzscKi,0.0036763898096978664,0.0032149343751370907,0.00046145543456077576,0.00046145543456077576,False,False,False,True,False
0,94864,1Ae2qFQKQ1Yd6tgiT2MziARi7t53ytVVt4,45,14eUc5rKLLpfv4TVZpp9QscfveF5cwiHtr,0.00288029620423913,0.002903465647250414,-2.3169443011283875e-05,2.3169443011283875e-05,False,False,False,False,True
0,94864,1Ae2qFQKQ1Yd6tgiT2MziARi7t53ytVVt4,45,16gsiBTNjYCyFQs1cJZcy7UpXT69j4hFeo,0.00288029620423913,0.0028437345754355192,3.65616288036108e-05,3.65616288036108e-05,False,False,False,True,False
0,94864,1Ae2qFQKQ1Yd6tgiT2MziARi7t53ytVVt4,45,16zC3348Lxsgzk1NgwDQJawWoFa5ZfQiRB,0.00288029620423913,0.00286156521178782,1.8730992451310158e-05,1.8730992451310158e-05,False,False,False,True,False
0,94864,1Ae2qFQKQ1Yd6tgiT2MziARi7t53ytVVt4,45,1N52wHoVR79PMDishab2XmRHsbekCdGquK,0.00288029620423913,0.003031771630048752,-0.0001514754258096218,0.0001514754258096218,False,False,False,False,True
0,86318,19sWMKN9rHBxEN1aBNfh5HVRjz6sbP5tFh,45,14eUc5rKLLpfv4TVZpp9QscfveF5cwiHtr,0.0027906890027225018,0.0028120765928179026,-2.138759009540081e-05,2.138759009540081e-05,False,False,False,False,True
0,86318,19sWMKN9rHBxEN1aBNfh5HVRjz6sbP5tFh,45,16gsiBTNjYCyFQs1cJZcy7UpXT69j4hFeo,0.0027906890027225018,0.0027632247656583786,2.7464237064123154e-05,2.7464237064123154e-05,False,False,False,True,False
0,86318,19sWMKN9rHBxEN1aBNfh5HVRjz6sbP5tFh,45,16zC3348Lxsgzk1NgwDQJawWoFa5ZfQiRB,0.0027906890027225018,0.002784497570246458,6.191432476043701e-06,6.191432476043701e-06,False,False,False,True,False
0,86318,19sWMKN9rHBxEN1aBNfh5HVRjz6sbP5tFh,45,1N52wHoVR79PMDishab2XmRHsbekCdGquK,0.0027906890027225018,0.0029039280489087105,-0.00011323904618620872,0.00011323904618620872,False,False,False,False,True
0,135091,1EJByW86taSbY8qJaUjhT17CSRPn1nrfai,46,17A16QmavnUfCW11DAApiJxp7ARnxN5pGX,0.006122595630586147,0.008009481243789196,-0.0018868856132030487,0.0018868856132030487,False,False,False,False,True
0,124229,1DHxEQ2SJSwVgrpdhaHSuWqyv3wDk2sdeH,44,17A16QmavnUfCW11DAApiJxp7ARnxN5pGX,0.004415962845087051,0.043987177312374115,-0.039571214467287064,0.039571214467287064,False,False,False,False,True
0,81578,19SMPC3KQXdedQ8DAyacWBHewyAccAGGsa,42,12cgpFdJViXbwHbhrA3TuW1EGnL25Zqc3P,0.10414966195821762,0.3803435266017914,-0.27619386464357376,0.27619386464357376,False,False,False,False,True
0,81578,19SMPC3KQXdedQ8DAyacWBHewyAccAGGsa,42,17A16QmavnUfCW11DAApiJxp7ARnxN5pGX,0.10414966195821762,0.08931829035282135,0.01483137160539627,0.01483137160539627,False,False,False,True,False
0,282711,3L2hE26ph9tTwfcZaE698i2FAwXMbWpfDu,42,37keHMHKsGzLnCvNmtfv38o5EMqrFq4DK3,0.004646013956516981,0.1032559722661972,-0.09860995830968022,0.09860995830968022,False,False,False,False,True
0,180608,1JTFxwjQ6DEx214uLGzUrSreu3DMtkYv9X,43,1N52wHoVR79PMDishab2XmRHsbekCdGquK,0.003750207833945751,0.005322681739926338,-0.001572473905980587,0.001572473905980587,False,False,False,False,True
0,30009,14hfGi3s345syA9o5sp2fb6go2pTxRdYBA,47,17A16QmavnUfCW11DAApiJxp7ARnxN5pGX,0.005561184603720903,0.0456799753010273,-0.040118790697306395,0.040118790697306395,False,False,False,False,True
0,153375,1FxnDYP6PKnD1WfgdUSSQRexdYeWASy9Vv,47,1N52wHoVR79PMDishab2XmRHsbekCdGquK,0.004406501539051533,0.005964214447885752,-0.001557712908834219,0.001557712908834219,False,False,False,False,True
0,104020,1BTuhHYPasyBLJ6chhyJr8bHthubnyCmrH,47,12cgpFdJViXbwHbhrA3TuW1EGnL25Zqc3P,0.003986978437751532,0.00609784247353673,-0.002110864035785198,0.002110864035785198,False,False,False,False,True
0,104020,1BTuhHYPasyBLJ6chhyJr8bHthubnyCmrH,47,18BonsqajX1vcRQti1EWfoZDGf84aYeqpy,0.003986978437751532,0.003972915001213551,1.4063436537981033e-05,1.4063436537981033e-05,False,False,False,True,False
0,104020,1BTuhHYPasyBLJ6chhyJr8bHthubnyCmrH,47,1GV3N1VApdcCkeZ3r8LbacmHfcHrFLiGiR,0.003986978437751532,0.003985202871263027,1.7755664885044098e-06,1.7755664885044098e-06,False,False,False,True,False
0,104020,1BTuhHYPasyBLJ6chhyJr8bHthubnyCmrH,47,1PpqtvrMTtHiiGZ4a2z9iVhTod6xC3cCvM,0.003986978437751532,0.003983344417065382,3.634020686149597e-06,3.634020686149597e-06,False,False,False,True,False
0,104020,1BTuhHYPasyBLJ6chhyJr8bHthubnyCmrH,47,1eSkZqiDWxoTggz6KUC1koHAP75iK4NQh,0.003986978437751532,0.003996377810835838,-9.399373084306717e-06,9.399373084306717e-06,False,False,False,False,True
0,78393,1995KGdeDPz63xxUfYqjgTB3eTUvSmMWKv,48,1BrT827NCgxjctnEBdLiuDzukupwWHP1i2,0.15255911648273468,0.0386086106300354,0.11395050585269928,0.11395050585269928,False,False,False,True,False
0,254603,33kZX3dTFX925MiTMzE96S3SZnEeqzbzUb,44,1721nmvVbLXY57UBLKzUT1PoYd9v9Y8Xus,0.9452536106109619,0.9545307159423828,-0.009277105331420898,0.009277105331420898,False,False,False,False,True
0,254603,33kZX3dTFX925MiTMzE96S3SZnEeqzbzUb,44,1BgfQbmjeptRbmDNhNPvgthQW14UAjTiy8,0.9452536106109619,0.9128293991088867,0.032424211502075195,0.032424211502075195,False,False,False,True,False
0,65870,1816Mh1X17hWXq6SEeYuBLVfv7jLiAmDLa,48,1GX28yLjVWux7ws4UQ9FB4MnLH4UKTPK2z,0.00691193388774991,0.0942365974187851,-0.08732466353103518,0.08732466353103518,False,False,False,False,True
0,85859,19ptRmsji93ew6oPc8GmB8dg7yBLyKpALr,48,1GX28yLjVWux7ws4UQ9FB4MnLH4UKTPK2z,0.006911560893058777,0.09328297525644302,-0.08637141436338425,0.08637141436338425,False,False,False,False,True
0,136340,1EQausmojuUgdwG5oqrYmJfC7TnLutQ8TB,49,12FaA8rGuVBmJu6xx6kAeHAK8EgF8pEXpH,0.0020678627770394087,0.0024993098340928555,-0.00043144705705344677,0.00043144705705344677,False,False,False,False,True
0,136340,1EQausmojuUgdwG5oqrYmJfC7TnLutQ8TB,49,1N52wHoVR79PMDishab2XmRHsbekCdGquK,0.0020678627770394087,0.0021622972562909126,-9.443447925150394e-05,9.443447925150394e-05,False,False,False,False,True
0,211569,1MHoGttsMUS5iRQoL8sQdTFkpA2QitZB9T,44,1N52wHoVR79PMDishab2XmRHsbekCdGquK,0.007734440267086029,0.008635331876575947,-0.0009008916094899178,0.0009008916094899178,False,False,False,False,True
0,231346,1P6pS1G6wLApwbLxDstcSEriaGGrd3Rs6w,48,1GX28yLjVWux7ws4UQ9FB4MnLH4UKTPK2z,0.006940560415387154,0.14235849678516388,-0.13541793636977673,0.13541793636977673,False,False,False,False,True
0,50707,16dHsr2DHnSRjMULXyNeBvZP5GM2HYZrPq,43,13JWuN6LG2PJvceiYm98vmMce5SudJbFBS,0.002118466654792428,0.0022754203528165817,-0.0001569536980241537,0.0001569536980241537,False,False,False,False,True
0,50707,16dHsr2DHnSRjMULXyNeBvZP5GM2HYZrPq,43,1N52wHoVR79PMDishab2XmRHsbekCdGquK,0.002118466654792428,0.002426173072308302,-0.0003077064175158739,0.0003077064175158739,False,False,False,False,True
0,50707,16dHsr2DHnSRjMULXyNeBvZP5GM2HYZrPq,43,1QDsADEiFM8MTqK36w3CE7UrYHGqNcv4UR,0.002118466654792428,0.002223811112344265,-0.00010534445755183697,0.00010534445755183697,False,False,False,False,True
0,186096,1JxCyYoQiJW5YRAJumaqBdLisnyanynZci,43,1B8fmorWPcFyGGHri81Wrj19pDGoFjJs4t,0.004255039617419243,0.009561462327837944,-0.005306422710418701,0.005306422710418701,False,False,False,False,True
0,186096,1JxCyYoQiJW5YRAJumaqBdLisnyanynZci,43,1KqwzzS4Rt87bUSihhLCvi2mjZ53i28Dk1,0.004255039617419243,0.00500818807631731,-0.0007531484588980675,0.0007531484588980675,False,False,False,False,True
0,30904,14nFqsQbUr4v8FMuq5jwdZPpksW75GizM5,48,1BrT827NCgxjctnEBdLiuDzukupwWHP1i2,0.14758795499801636,0.036196544766426086,0.11139141023159027,0.11139141023159027,False,False,False,True,False
0,94557,1AcS1UczLPLQeEU3ujYNrN1VWxwdgKvmrZ,47,1Hi4VN32bzYhJAVm17tByeBGJjoC5Sd5fj,0.049724213778972626,0.03691498190164566,0.012809231877326965,0.012809231877326965,False,False,False,True,False
0,53774,16u3MMLLyALuauNBLHSmkifkseKQKt1saJ,45,17A16QmavnUfCW11DAApiJxp7ARnxN5pGX,0.004485138691961765,0.05422530695796013,-0.049740168265998363,0.049740168265998363,False,False,False,False,True
0,285501,3MfN5to5K5be2RupWE8rjJHQ6V9L8ypWeh,48,1Dk7S7v3hDBVcS93LPPKWpCSGbL63Ewwn,0.20058724284172058,0.34216246008872986,-0.14157521724700928,0.14157521724700928,False,False,False,False,True
0,247252,1eq1TEZwX1LCZU9KP3NEaVrgD3MV9uXG3,47,1KumbRsTcA6UNqU2MHEfqEFnAZYU3w3izR,0.0027562668547034264,0.003205802058801055,-0.0004495352040976286,0.0004495352040976286,False,False,False,False,True
0,247252,1eq1TEZwX1LCZU9KP3NEaVrgD3MV9uXG3,47,39pK9ULehUqA5iHWyDxCs7ixL1mSe6tYhU,0.0027562668547034264,0.003191478783264756,-0.00043521192856132984,0.00043521192856132984,False,False,False,False,True
0,105444,1BbMcbGDbdD3cu6sXuJXKz3BWkJjsocXJ4,48,1GX28yLjVWux7ws4UQ9FB4MnLH4UKTPK2z,0.006908171810209751,0.08379515260457993,-0.07688698079437017,0.07688698079437017,False,False,False,False,True
0,49725,16XmyDuFyo92xnYgAm26NErwppxg6jYNTX,42,1N52wHoVR79PMDishab2XmRHsbekCdGquK,0.009670850820839405,0.020365452393889427,-0.010694601573050022,0.010694601573050022,False,False,False,False,True
0,274674,3FGchmrcUrbKmbMQzwprrgvfaQhT6unjk5,48,1GX28yLjVWux7ws4UQ9FB4MnLH4UKTPK2z,0.006910085212439299,0.08934251219034195,-0.08243242697790265,0.08243242697790265,False,False,False,False,True
0,1476,123hRkjTcjr5G8FdjVyiQ41X55Zn1H6Vxu,47,3CD1QW6fjgTwKq3Pj97nty28WZAVkziNom,0.01770702376961708,0.04419193044304848,-0.026484906673431396,0.026484906673431396,False,False,False,False,True
0,34106,155Yn1CkpfWrsemcsDgweJ9SCe7YB9Yq4v,47,12cgpFdJViXbwHbhrA3TuW1EGnL25Zqc3P,0.004568379372358322,0.41277945041656494,-0.4082110710442066,0.4082110710442066,False,False,False,False,True
0,232072,1PAfK6aWecbHjbGPF76MzbJZVQC72nbfyU,47,1N52wHoVR79PMDishab2XmRHsbekCdGquK,0.0034140050411224365,0.003601102391257882,-0.0001870973501354456,0.0001870973501354456,False,False,False,False,True
0,91161,1AJEpQKAFeiq3CvXyza6wP7RwgmQiBQLDh,48,1BeMxB9sS5gAnKYUJuSTms39PQBEipDEYS,0.005372420884668827,0.005143831018358469,0.00022858986631035805,0.00022858986631035805,False,False,False,True,False
0,91161,1AJEpQKAFeiq3CvXyza6wP7RwgmQiBQLDh,48,1GX28yLjVWux7ws4UQ9FB4MnLH4UKTPK2z,0.005372420884668827,0.07644867897033691,-0.07107625808566809,0.07107625808566809,False,False,False,False,True
0,91161,1AJEpQKAFeiq3CvXyza6wP7RwgmQiBQLDh,48,1H1WS2tFx5yCsxtefs9PSTdqVX2mduyf3b,0.005372420884668827,0.005137492902576923,0.0002349279820919037,0.0002349279820919037,False,False,False,True,False
0,219466,1N1d6xw5R1L6SW6Uhx5pbtnN3tZd5ZAMyF,44,1N52wHoVR79PMDishab2XmRHsbekCdGquK,0.002504111034795642,0.0019697900861501694,0.0005343209486454725,0.0005343209486454725,False,False,False,True,False
0,231586,1P7zd6AZuzPPC5qP6xoHdEqEaNkQTcs4Zp,44,1Lsqcv4cg5zUctNi2qwNxMkrv1GeBboSUJ,0.0052279140800237656,0.007957619614899158,-0.002729705534875393,0.002729705534875393,False,False,False,False,True
0,263434,38vrdt56yCTRfwE8oZvXdzdDvGJGEyKLmi,48,1GX28yLjVWux7ws4UQ9FB4MnLH4UKTPK2z,0.006916125304996967,0.10444049537181854,-0.09752437006682158,0.09752437006682158,False,False,False,False,True
0,279016,3HqKPacz2Dvf8yTTB1TuBWSjDVBRoxtHq5,49,14UZrrYi4scVFTSRY8dvrurvWi9bkbxdpq,0.00334230181761086,0.005459504667669535,-0.002117202850058675,0.002117202850058675,False,False,False,False,True
0,279016,3HqKPacz2Dvf8yTTB1TuBWSjDVBRoxtHq5,49,1N52wHoVR79PMDishab2XmRHsbekCdGquK,0.00334230181761086,0.002639566780999303,0.000702735036611557,0.000702735036611557,False,False,False,True,False
0,287642,3NuhYL5Mc6Gj1aW3RY7CEQqX7PkfneXehf,48,1GX28yLjVWux7ws4UQ9FB4MnLH4UKTPK2z,0.0069085764698684216,0.0850222259759903,-0.07811364950612187,0.07811364950612187,False,False,False,False,True
0,172467,1HhdhDCidtzCoMVBWnG13rjaqmJNRXZSfo,43,12ftmJ5cExVeMzQYyEVQULBSFamLV7hZRK,0.0022906481754034758,0.0024634371511638165,-0.0001727889757603407,0.0001727889757603407,False,False,False,False,True
0,172467,1HhdhDCidtzCoMVBWnG13rjaqmJNRXZSfo,43,1N52wHoVR79PMDishab2XmRHsbekCdGquK,0.0022906481754034758,0.002545870142057538,-0.00025522196665406227,0.00025522196665406227,False,False,False,False,True
0,552,114oFpbDwhJ8LBGBFuCVwUUU5sKLCcnaFn,47,1N52wHoVR79PMDishab2XmRHsbekCdGquK,0.012930425815284252,0.017757561057806015,-0.004827135242521763,0.004827135242521763,False,False,False,False,True
0,80169,19Jmr4Qf7WDqunAUgCPXimmSDkDoUwwev1,48,16MmqdD16H73n2j8wf3BKxQM7fU3AqbTdB,0.0019391156965866685,0.001981049543246627,-4.193384665995836e-05,4.193384665995836e-05,False,False,False,False,True
0,80169,19Jmr4Qf7WDqunAUgCPXimmSDkDoUwwev1,48,1LArxtgZkturKi8PTCtht15bnfFQqvXNqp,0.0019391156965866685,0.001992911798879504,-5.379610229283571e-05,5.379610229283571e-05,False,False,False,False,True
0,80169,19Jmr4Qf7WDqunAUgCPXimmSDkDoUwwev1,48,1LFH1hTpmXnn2ez7gkTdzE5D8KmHiWwksg,0.0019391156965866685,0.0019489022670313716,-9.786570444703102e-06,9.786570444703102e-06,False,False,False,False,True
0,80169,19Jmr4Qf7WDqunAUgCPXimmSDkDoUwwev1,48,1N52wHoVR79PMDishab2XmRHsbekCdGquK,0.0019391156965866685,0.002045224653556943,-0.00010610895697027445,0.00010610895697027445,False,False,False,False,True
0,80169,19Jmr4Qf7WDqunAUgCPXimmSDkDoUwwev1,48,3QrGqud1UWr4XL6PEg73KMDsNJHhirbWwx,0.0019391156965866685,0.0019622505642473698,-2.3134867660701275e-05,2.3134867660701275e-05,False,False,False,False,True
0,175297,1Hy9riX3QPoh5G2XrQvLFfjbLMSvBkocjq,45,14SifL9W3TCMgaWrwrp1C1bSAsx3UX3FRC,0.022650539875030518,0.027040420100092888,-0.00438988022506237,0.00438988022506237,False,False,False,False,True
0,175297,1Hy9riX3QPoh5G2XrQvLFfjbLMSvBkocjq,45,17A16QmavnUfCW11DAApiJxp7ARnxN5pGX,0.022650539875030518,0.014988481067121029,0.007662058807909489,0.007662058807909489,False,False,False,True,False
0,175297,1Hy9riX3QPoh5G2XrQvLFfjbLMSvBkocjq,45,192TAu3s3AYfXG4f5r45FWjJm9iizMH21f,0.022650539875030518,0.026033326983451843,-0.0033827871084213257,0.0033827871084213257,False,False,False,False,True
0,175297,1Hy9riX3QPoh5G2XrQvLFfjbLMSvBkocjq,45,1GUY31ZGPGRyt8TiUVJaACw49gKkVKXa1v,0.022650539875030518,0.028838710859417915,-0.006188170984387398,0.006188170984387398,False,False,False,False,True
0,175297,1Hy9riX3QPoh5G2XrQvLFfjbLMSvBkocjq,45,1N52wHoVR79PMDishab2XmRHsbekCdGquK,0.022650539875030518,0.020656008273363113,0.001994531601667404,0.001994531601667404,False,False,False,True,False
0,167673,1HFv2bJ94LRtTdM4NpdkVjJRqS54YZQgPW,45,1N52wHoVR79PMDishab2XmRHsbekCdGquK,0.0029003170784562826,0.003420440712943673,-0.0005201236344873905,0.0005201236344873905,False,False,False,False,True
0,167673,1HFv2bJ94LRtTdM4NpdkVjJRqS54YZQgPW,45,1NjzqmwvnFvHj3xPGpAwYNoaXHQw5XjGAk,0.0029003170784562826,0.003289442742243409,-0.00038912566378712654,0.00038912566378712654,False,False,False,False,True
0,232778,1PEMNePUbsq9oNWcvbWZn1aoyU9H2aC2NV,45,1N52wHoVR79PMDishab2XmRHsbekCdGquK,0.002401264850050211,0.002875241683796048,-0.0004739768337458372,0.0004739768337458372,False,False,False,False,True
0,232778,1PEMNePUbsq9oNWcvbWZn1aoyU9H2aC2NV,45,1NjzqmwvnFvHj3xPGpAwYNoaXHQw5XjGAk,0.002401264850050211,0.002467750571668148,-6.648572161793709e-05,6.648572161793709e-05,False,False,False,False,True
0,232778,1PEMNePUbsq9oNWcvbWZn1aoyU9H2aC2NV,45,37ZUmhj9ksvGaYKaACoaALsWpG1f2nM1Tw,0.002401264850050211,0.0024744749534875154,-7.32101034373045e-05,7.32101034373045e-05,False,False,False,False,True
0,138246,1Eb7aMDMtbwzroEjsrNko9bEq8xdmww7MG,47,1N52wHoVR79PMDishab2XmRHsbekCdGquK,0.0034749810583889484,0.004032600671052933,-0.0005576196126639843,0.0005576196126639843,False,False,False,False,True
0,118864,1CoHZqcd7EPwPm4Fz8TGvn1ZfsQ6eoYf2g,47,326DgM2u3F34ZLcUUFes4TeXdiaVCNus5h,0.08299028128385544,0.3550125062465668,-0.27202222496271133,0.27202222496271133,False,False,False,False,True
0,241093,1Q14TJytHM3gDdvmRwugtKy675xKJAoXzJ,48,1GX28yLjVWux7ws4UQ9FB4MnLH4UKTPK2z,0.00690788310021162,0.08289438486099243,-0.07598650176078081,0.07598650176078081,False,False,False,False,True
0,216847,1MmtuUustpJJmnuEQT9VFYH1CqLRVSiygn,47,12cgpFdJViXbwHbhrA3TuW1EGnL25Zqc3P,0.0071038370952010155,0.6468914747238159,-0.6397876376286149,0.6397876376286149,False,False,False,False,True
0,215156,1Md54oGbX4R5Jqe2SRx9LqodT1NNCLU6NP,48,16MmqdD16H73n2j8wf3BKxQM7fU3AqbTdB,0.0019339655991643667,0.00197586533613503,-4.189973697066307e-05,4.189973697066307e-05,False,False,False,False,True
0,215156,1Md54oGbX4R5Jqe2SRx9LqodT1NNCLU6NP,48,1LArxtgZkturKi8PTCtht15bnfFQqvXNqp,0.0019339655991643667,0.0019892570562660694,-5.529145710170269e-05,5.529145710170269e-05,False,False,False,False,True
0,215156,1Md54oGbX4R5Jqe2SRx9LqodT1NNCLU6NP,48,1LFH1hTpmXnn2ez7gkTdzE5D8KmHiWwksg,0.0019339655991643667,0.0019429168896749616,-8.951290510594845e-06,8.951290510594845e-06,False,False,False,False,True
0,215156,1Md54oGbX4R5Jqe2SRx9LqodT1NNCLU6NP,48,1N52wHoVR79PMDishab2XmRHsbekCdGquK,0.0019339655991643667,0.002058162586763501,-0.00012419698759913445,0.00012419698759913445,False,False,False,False,True
0,215156,1Md54oGbX4R5Jqe2SRx9LqodT1NNCLU6NP,48,3QrGqud1UWr4XL6PEg73KMDsNJHhirbWwx,0.0019339655991643667,0.001953583210706711,-1.9617611542344093e-05,1.9617611542344093e-05,False,False,False,False,True
0,60076,17UZ962BbpEQRhoQzq2rMSSmbTvYVDB28V,48,1Dmfzx6t7wqbUw2tRg1RPVf77RSQqxDf6Z,0.7833378314971924,0.7647331953048706,0.018604636192321777,0.018604636192321777,False,False,False,True,False
0,60076,17UZ962BbpEQRhoQzq2rMSSmbTvYVDB28V,48,1MxJLAQnaJvBT2S5xu7GXJRvGCY3UYD5DX,0.7833378314971924,0.7991259694099426,-0.015788137912750244,0.015788137912750244,False,False,False,False,True
0,60076,17UZ962BbpEQRhoQzq2rMSSmbTvYVDB28V,48,3Fq94XUnbnbSt6HWuNEEDMqnZkagvkaRXb,0.7833378314971924,0.7834960222244263,-0.00015819072723388672,0.00015819072723388672,False,False,False,False,True
0,277635,3H2dFVBUwgYcWyGKaL1BozarDaevAgtBYz,42,17A16QmavnUfCW11DAApiJxp7ARnxN5pGX,0.004571142606437206,0.05428807809948921,-0.049716935493052006,0.049716935493052006,False,False,False,False,True
0,130189,1DqZKUhJL3BuTwtL6aU6P769Xd7uPPcBc2,48,1MnbSZYppjx7BegNoUkPYr9Gkt9xCq65Fp,0.0028224114794284105,0.004590590018779039,-0.0017681785393506289,0.0017681785393506289,False,False,False,False,True
0,130189,1DqZKUhJL3BuTwtL6aU6P769Xd7uPPcBc2,48,1N52wHoVR79PMDishab2XmRHsbekCdGquK,0.0028224114794284105,0.002384425373747945,0.0004379861056804657,0.0004379861056804657,False,False,False,True,False
0,11637,131g491ZbgDhGQk1o4B6dVzYinkLBXwNDY,49,12FaA8rGuVBmJu6xx6kAeHAK8EgF8pEXpH,0.002071215072646737,0.002500910311937332,-0.00042969523929059505,0.00042969523929059505,False,False,False,False,True
0,11637,131g491ZbgDhGQk1o4B6dVzYinkLBXwNDY,49,1N52wHoVR79PMDishab2XmRHsbekCdGquK,0.002071215072646737,0.002166242338716984,-9.50272660702467e-05,9.50272660702467e-05,False,False,False,False,True
0,266821,3ArmVCmgUbdNpS66zr7LSGXvkGmJZHWzQk,46,17A16QmavnUfCW11DAApiJxp7ARnxN5pGX,0.005513021722435951,0.0115633150562644,-0.006050293333828449,0.006050293333828449,False,False,False,False,True
0,129282,1Dkr8or6B91bK9hGkzR2wkRGiZuUq6A5m4,49,1N52wHoVR79PMDishab2XmRHsbekCdGquK,0.0027517422568053007,0.002054445445537567,0.0006972968112677336,0.0006972968112677336,False,False,False,True,False
0,28901,14bsNg9WNj1ZWPzaZpy8tmo6J45gda4XZy,42,14NimFe76Rnnkdr13WZkTgSj5A4X1xDqm9,0.009333029389381409,0.05088408291339874,-0.041551053524017334,0.041551053524017334,False,False,False,False,True
0,145607,1FFmKCDSg6emJ1ngk5JbYPTWrKk18Cy6ZN,46,326DgM2u3F34ZLcUUFes4TeXdiaVCNus5h,0.05861825495958328,0.05906026437878609,-0.00044200941920280457,0.00044200941920280457,False,False,False,False,True
0,145607,1FFmKCDSg6emJ1ngk5JbYPTWrKk18Cy6ZN,46,37Es3qSdMZ5pc6E8ZFgbWM5YXLD4zG6B5b,0.05861825495958328,0.09113480895757675,-0.03251655399799347,0.03251655399799347,False,False,False,False,True
0,204548,1LeTysEdFzgVAm9J5DTvsfRxQTnrEEzTXq,42,17A16QmavnUfCW11DAApiJxp7ARnxN5pGX,0.005383213981986046,0.008645445108413696,-0.0032622311264276505,0.0032622311264276505,False,False,False,False,True
0,129169,1DkH4YqeeYRjk87BpkugiWKdDkxtdP4aV9,43,14mgSL6jyU6P8zmAV6SNQsD5Bp9R2dkgzW,0.03653395175933838,0.06043984740972519,-0.02390589565038681,0.02390589565038681,False,False,False,False,True
0,129169,1DkH4YqeeYRjk87BpkugiWKdDkxtdP4aV9,43,1H1WS2tFx5yCsxtefs9PSTdqVX2mduyf3b,0.03653395175933838,0.021415935829281807,0.015118015930056572,0.015118015930056572,False,False,False,True,False
0,165036,1H2ApjUbEk7zTinWjREeMUQhdcKWrvyHFn,49,18c8Cvp8yEhviecmvH1vapi9VVRHsQtAm9,0.004189230501651764,0.004966272972524166,-0.0007770424708724022,0.0007770424708724022,False,False,False,False,True
0,165036,1H2ApjUbEk7zTinWjREeMUQhdcKWrvyHFn,49,1GgZXpt2tguNzjGm6vqZKfvXWWYb325cwX,0.004189230501651764,0.004378048703074455,-0.00018881820142269135,0.00018881820142269135,False,False,False,False,True
0,151714,1FpEjfzHopCPY35Krpx3qqw8eh2oerTK4U,45,1GgE9KezSogQB4kEeNDx9nYjY8cPMp23aQ,0.003131633857265115,0.004165533930063248,-0.001033900072798133,0.001033900072798133,False,False,False,False,True
0,151714,1FpEjfzHopCPY35Krpx3qqw8eh2oerTK4U,45,1N52wHoVR79PMDishab2XmRHsbekCdGquK,0.003131633857265115,0.0027215133886784315,0.0004101204685866833,0.0004101204685866833,False,False,False,True,False
0,23402,1469Rimrffb3NgnLLy2aX9mRwrkdtuWrQy,48,1BrT827NCgxjctnEBdLiuDzukupwWHP1i2,0.11047185957431793,0.02416849322617054,0.08630336634814739,0.08630336634814739,False,False,False,True,False
0,81415,19RMRvB13jyMLUXUx7sX9w6Fc9W4xVt5qj,48,1BrT827NCgxjctnEBdLiuDzukupwWHP1i2,0.018022116273641586,0.006690479815006256,0.01133163645863533,0.01133163645863533,False,False,False,True,False
0,10461,12uQTV9seb4kfG7x4ADQyqMMFGm1x2kkzi,48,1GX28yLjVWux7ws4UQ9FB4MnLH4UKTPK2z,0.006932591553777456,0.13088351488113403,-0.12395092332735658,0.12395092332735658,False,False,False,False,True
0,275718,3FsQzQs6XmSxasGYzWb7rgo8ScAwnMmcFN,48,1EDa9J66WCdoAvAPFEoSSCC4zaeasxutB3,0.005162264686077833,0.006384580861777067,-0.001222316175699234,0.001222316175699234,False,False,False,False,True
0,275718,3FsQzQs6XmSxasGYzWb7rgo8ScAwnMmcFN,48,1N52wHoVR79PMDishab2XmRHsbekCdGquK,0.005162264686077833,0.004445124417543411,0.0007171402685344219,0.0007171402685344219,False,False,False,True,False
0,17791,13aSEJ6Ft8rqDD3aS5zrCpMZfprERnz7yP,44,17A16QmavnUfCW11DAApiJxp7ARnxN5pGX,0.004469090607017279,0.013498961925506592,-0.009029871318489313,0.009029871318489313,False,False,False,False,True
0,149409,1Fc1EAmtH6o5YZ7gKJSacmBJJm9NZAk9by,45,14pPG8TmtdMtvCTUDrHe7GJVxYBQkLykyk,0.004396853502839804,0.00459252716973424,-0.00019567366689443588,0.00019567366689443588,False,False,False,False,True
0,149409,1Fc1EAmtH6o5YZ7gKJSacmBJJm9NZAk9by,45,1N52wHoVR79PMDishab2XmRHsbekCdGquK,0.004396853502839804,0.005075329914689064,-0.0006784764118492603,0.0006784764118492603,False,False,False,False,True
0,149409,1Fc1EAmtH6o5YZ7gKJSacmBJJm9NZAk9by,45,3CBMMJzWH9pRLtZNNhWTaYmp2TP46bNCNf,0.004396853502839804,0.004297314211726189,9.953929111361504e-05,9.953929111361504e-05,False,False,False,True,False
0,271251,3DKtDhfSNzTALhZk8sPxk4Ag4BZ2QHMpAB,48,1GX28yLjVWux7ws4UQ9FB4MnLH4UKTPK2z,0.007001570425927639,0.21897165477275848,-0.21197008434683084,0.21197008434683084,False,False,False,False,True
0,172666,1HiiuQPFdQrRL4maTn2puqnd1Ku9zfnDoR,48,1GX28yLjVWux7ws4UQ9FB4MnLH4UKTPK2z,0.026393145322799683,0.9275825023651123,-0.9011893570423126,0.9011893570423126,False,False,False,False,True
0,258962,36HuQPF1qY2HYYqnL3u7vkPxtFdPvCZD3h,47,1L499U3amJra1Q8n3pYi3urMxRcdkattK5,0.3642699420452118,0.2847384810447693,0.0795314610004425,0.0795314610004425,False,False,False,True,False
0,258962,36HuQPF1qY2HYYqnL3u7vkPxtFdPvCZD3h,47,1N52wHoVR79PMDishab2XmRHsbekCdGquK,0.3642699420452118,0.4897409975528717,-0.1254710555076599,0.1254710555076599,False,False,False,False,True
0,86160,19rfeHypsY9Eq1X69r7jgaGFzyZd7qxsFs,48,12cgpFdJViXbwHbhrA3TuW1EGnL25Zqc3P,0.005545752588659525,0.37408503890037537,-0.36853928631171584,0.36853928631171584,False,False,False,False,True
0,30980,14nYVLxVaKYKYmSqkPm81RwParRqaHNk8G,44,31kuXQYcrAeZcgH75suHnGeRKrBJ3wk5xC,0.23818905651569366,0.7264423966407776,-0.4882533401250839,0.4882533401250839,False,False,False,False,True
0,192379,1KXDp686MxRyxyHEXcs4TeZ3EnRbwy41o4,44,12cgpFdJViXbwHbhrA3TuW1EGnL25Zqc3P,0.004886757582426071,0.5274274945259094,-0.5225407369434834,0.5225407369434834,False,False,False,False,True
0,23091,144W5tdG5QEoZXZ28CDtjshuXy7H81Mctx,42,12cgpFdJViXbwHbhrA3TuW1EGnL25Zqc3P,0.004968557041138411,0.07721462845802307,-0.07224607141688466,0.07224607141688466,False,False,False,False,True
0,280239,3Jajffc9SV9QAtsr8gQaWuVp7zznkj2MF2,47,3QzBrZfgQsXNS8UPbsVGgPohn4xyepWeYv,0.0042803422547876835,0.0037831368390470743,0.0004972054157406092,0.0004972054157406092,False,False,False,True,False
0,41632,15nck75DBrVfSB9zqPqERU3ogdb35P1Vdq,49,36kVGjtzVV9ruhsoQd3sV3YGqhnppKMT52,0.002782526658847928,0.0038314005360007286,-0.0010488738771528006,0.0010488738771528006,False,False,False,False,True
0,105557,1BbvP66nxb2K7BGpXek6wQj74zFEXagy97,48,195U2E6728LZ3S6BJ3Lj6e8wQ4FtM13cQp,0.005635005421936512,0.004598477855324745,0.0010365275666117668,0.0010365275666117668,False,False,False,True,False
0,105557,1BbvP66nxb2K7BGpXek6wQj74zFEXagy97,48,1GwLCDBY7DVA3vbGPuagLYnGbSSYrieiRV,0.005635005421936512,0.005848205182701349,-0.00021319976076483727,0.00021319976076483727,False,False,False,False,True
0,105557,1BbvP66nxb2K7BGpXek6wQj74zFEXagy97,48,1LUA6Vdz8rV1soVusdoHm2yRMK7EHchGNu,0.005635005421936512,0.004135798197239637,0.0014992072246968746,0.0014992072246968746,False,False,False,True,False
0,105557,1BbvP66nxb2K7BGpXek6wQj74zFEXagy97,48,1MEe2mebed8wopvy8xyjjHcEQHUPVJn2UC,0.005635005421936512,0.014928828924894333,-0.009293823502957821,0.009293823502957821,False,False,False,False,True
0,204005,1LbTDvB8CzWqaXbR6jRW74nNzQF457f7r2,47,326DgM2u3F34ZLcUUFes4TeXdiaVCNus5h,0.006206966470927,0.007885661907494068,-0.001678695436567068,0.001678695436567068,False,False,False,False,True
0,204005,1LbTDvB8CzWqaXbR6jRW74nNzQF457f7r2,47,3EeEe8268WU5bhordhLPdWowcytL9ThEqj,0.006206966470927,0.006176360882818699,3.060558810830116e-05,3.060558810830116e-05,False,False,False,True,False
0,204005,1LbTDvB8CzWqaXbR6jRW74nNzQF457f7r2,47,3LspjRRVhwRR1JgMC3FWbynwDTsBfAVpaA,0.006206966470927,0.006276284344494343,-6.931787356734276e-05,6.931787356734276e-05,False,False,False,False,True
0,232581,1PDGfzpQW21e8AbgcbSNqYsCtVaqkhYgGg,47,16qCPeR7GCXntamDPap76vjhMNm8rjBFB8,0.008575892075896263,0.35986870527267456,-0.3512928131967783,0.3512928131967783,False,False,False,False,True
0,110319,1C25MZHHhsUokjngU7quQcBqcmDSwbmaoV,49,1N52wHoVR79PMDishab2XmRHsbekCdGquK,0.002099827863276005,0.0022018062882125378,-0.00010197842493653297,0.00010197842493653297,False,False,False,False,True
0,110319,1C25MZHHhsUokjngU7quQcBqcmDSwbmaoV,49,1NQBGzauPvdiqQNCkH1GgnScRH4ukJF2Po,0.002099827863276005,0.0024401068221777678,-0.00034027895890176296,0.00034027895890176296,False,False,False,False,True
0,143739,1F6H8EepQhE4S31ECkb7EEUqgMVXKYdTdp,43,1GQmweAj7Lqwzs4eD8u6DjGA8da2kaG93S,0.004907142370939255,0.009064541198313236,-0.0041573988273739815,0.0041573988273739815,False,False,False,False,True
0,120320,1Cvh4VSenq7p3enG5hHWx6e7ZWf9Ss5uNZ,45,1N52wHoVR79PMDishab2XmRHsbekCdGquK,0.00500631146132946,0.006389568094164133,-0.001383256632834673,0.001383256632834673,False,False,False,False,True
0,54163,16w3H4ZvCHxf1UXip5pUtN2XBMiM8G8GfJ,43,17A16QmavnUfCW11DAApiJxp7ARnxN5pGX,0.004308221396058798,0.011240202933549881,-0.006931981537491083,0.006931981537491083,False,False,False,False,True
0,3942,12HQ1PkFybsqJK5taHcXSZ7SRpmazjL5oT,42,33GrBTaXsyBSfyeKaQSbBbyFBn2wiV8JGd,0.0029930875170975924,0.004037270322442055,-0.0010441828053444624,0.0010441828053444624,False,False,False,False,True
0,3942,12HQ1PkFybsqJK5taHcXSZ7SRpmazjL5oT,42,37keHMHKsGzLnCvNmtfv38o5EMqrFq4DK3,0.0029930875170975924,0.0037723390851169825,-0.0007792515680193901,0.0007792515680193901,False,False,False,False,True
0,204565,1LeYq3EAJ6UjAHNPy2NPg74tr6rNNdswf9,48,1GX28yLjVWux7ws4UQ9FB4MnLH4UKTPK2z,0.006908093113452196,0.08354312181472778,-0.07663502870127559,0.07663502870127559,False,False,False,False,True
0,90806,1AGJUUJJ5uRyAwxpcfpX5KKosYwWDte2Q3,43,12cgpFdJViXbwHbhrA3TuW1EGnL25Zqc3P,0.0054361396469175816,0.0072339619509875774,-0.0017978223040699959,0.0017978223040699959,False,False,False,False,True
0,59191,17Pig5tTNUVhEmvkH9YC1LHMffpiEUZutP,48,16MmqdD16H73n2j8wf3BKxQM7fU3AqbTdB,0.0019367822678759694,0.001978735439479351,-4.1953171603381634e-05,4.1953171603381634e-05,False,False,False,False,True
0,59191,17Pig5tTNUVhEmvkH9YC1LHMffpiEUZutP,48,1LArxtgZkturKi8PTCtht15bnfFQqvXNqp,0.0019367822678759694,0.001991184428334236,-5.4402160458266735e-05,5.4402160458266735e-05,False,False,False,False,True
0,59191,17Pig5tTNUVhEmvkH9YC1LHMffpiEUZutP,48,1LFH1hTpmXnn2ez7gkTdzE5D8KmHiWwksg,0.0019367822678759694,0.0019462567288428545,-9.47446096688509e-06,9.47446096688509e-06,False,False,False,False,True
0,59191,17Pig5tTNUVhEmvkH9YC1LHMffpiEUZutP,48,1N52wHoVR79PMDishab2XmRHsbekCdGquK,0.0019367822678759694,0.002049882896244526,-0.0001131006283685565,0.0001131006283685565,False,False,False,False,True
0,59191,17Pig5tTNUVhEmvkH9YC1LHMffpiEUZutP,48,3QrGqud1UWr4XL6PEg73KMDsNJHhirbWwx,0.0019367822678759694,0.001958555309101939,-2.177304122596979e-05,2.177304122596979e-05,False,False,False,False,True
0,192541,1KY4fQ6syo2BWdERr5qk3nVyWy5L6p6o7v,43,12ftmJ5cExVeMzQYyEVQULBSFamLV7hZRK,0.002107098465785384,0.0023304461501538754,-0.00022334768436849117,0.00022334768436849117,False,False,False,False,True
0,192541,1KY4fQ6syo2BWdERr5qk3nVyWy5L6p6o7v,43,1N52wHoVR79PMDishab2XmRHsbekCdGquK,0.002107098465785384,0.002448662184178829,-0.000341563718393445,0.000341563718393445,False,False,False,False,True
0,249446,1rKVJgtLvFHz1uZspxtmpn3jNnsP9UUtB,43,17A16QmavnUfCW11DAApiJxp7ARnxN5pGX,0.004157242830842733,0.021400341764092445,-0.017243098933249712,0.017243098933249712,False,False,False,False,True
0,254464,33fHq8yfZkwBuEd5F2cktchSh9FMePZW4U,42,1D7RLdKN1npShamM2DVcYPjTG9qbBs8xba,0.15578080713748932,0.47712427377700806,-0.32134346663951874,0.32134346663951874,False,False,False,False,True
0,180788,1JUJDKtwNWz7uqy7Fam8FMBqfNq5UacmbX,44,17A16QmavnUfCW11DAApiJxp7ARnxN5pGX,0.004557112697511911,0.09481638669967651,-0.0902592740021646,0.0902592740021646,False,False,False,False,True
0,185067,1Jrn4NR2kfAkwdv8HdWuYYD8L1LmjyST4w,44,1N52wHoVR79PMDishab2XmRHsbekCdGquK,0.0025542620569467545,0.002005920512601733,0.0005483415443450212,0.0005483415443450212,False,False,False,True,False
0,97977,1AvvBDAjMCG36tPTdoSVwqYtWh3wjBsWeA,44,12cgpFdJViXbwHbhrA3TuW1EGnL25Zqc3P,0.004820309113711119,0.694005012512207,-0.6891847033984959,0.6891847033984959,False,False,False,False,True
0,87863,1A1bMxWCM3MFdSuCAmkgRo1K3mb9FJxYQK,44,17A16QmavnUfCW11DAApiJxp7ARnxN5pGX,0.0032659510616213083,0.0035056464839726686,-0.00023969542235136032,0.00023969542235136032,False,False,False,False,True
0,272345,3DyPiTbves2aZmzBrbn2rn7V5KaQoZoJK5,42,17A16QmavnUfCW11DAApiJxp7ARnxN5pGX,0.004639689344912767,0.008608736097812653,-0.003969046752899885,0.003969046752899885,False,False,False,False,True
0,248238,1k1bmbuzx6NiXzgiFqRuSMAnNVb3iti3r,45,3PwguWXaSxHmXRJi9rsPReUKYftekwhLbH,0.018597660586237907,0.10173393785953522,-0.08313627727329731,0.08313627727329731,False,False,False,False,True
0,44046,161bUG5BFCJPtVhHwyZ99FnLD5DW3LNJUZ,46,1N52wHoVR79PMDishab2XmRHsbekCdGquK,0.003187850583344698,0.0026144064031541348,0.0005734441801905632,0.0005734441801905632,False,False,False,True,False
0,176175,1J3dYxJ2q4BB9DxGdc9kTkd7KzK5koott7,45,3BU7pDGrxi1tRLuhwJeddw6yag8CSGv5PT,0.5886378288269043,0.6071556210517883,-0.018517792224884033,0.018517792224884033,False,False,False,False,True
0,176175,1J3dYxJ2q4BB9DxGdc9kTkd7KzK5koott7,45,3CVwmiZtHw2MB7tNRne5PAHdC48EoYZ2Kg,0.5886378288269043,0.6135315895080566,-0.024893760681152344,0.024893760681152344,False,False,False,False,True
0,176175,1J3dYxJ2q4BB9DxGdc9kTkd7KzK5koott7,45,3JwrLWjLai27iSAyN2KFotowLcAarGv94L,0.5886378288269043,0.6076579093933105,-0.01902008056640625,0.01902008056640625,False,False,False,False,True
0,176175,1J3dYxJ2q4BB9DxGdc9kTkd7KzK5koott7,45,3KHQYoaHMiDB2wsdcfsXCSJeE7woQ6GriH,0.5886378288269043,0.6268263459205627,-0.03818851709365845,0.03818851709365845,False,False,False,False,True
0,176175,1J3dYxJ2q4BB9DxGdc9kTkd7KzK5koott7,45,3KsDoGVFrDhoqtkVkgz1Yipv93Xza43Qcu,0.5886378288269043,0.5793423056602478,0.009295523166656494,0.009295523166656494,False,False,False,True,False
0,100082,1B7hUzFLLhiGcP15rHGMug26QxazqQ2FDr,48,1BrT827NCgxjctnEBdLiuDzukupwWHP1i2,0.13388365507125854,0.03073875419795513,0.10314490087330341,0.10314490087330341,False,False,False,True,False
0,190019,1KK5JHFXBNGEb38pCznTNfWpiq2Vri3iGp,47,18BonsqajX1vcRQti1EWfoZDGf84aYeqpy,0.002096226904541254,0.0021259754430502653,-2.974853850901127e-05,2.974853850901127e-05,False,False,False,False,True
0,190019,1KK5JHFXBNGEb38pCznTNfWpiq2Vri3iGp,47,1GV3N1VApdcCkeZ3r8LbacmHfcHrFLiGiR,0.002096226904541254,0.002123407553881407,-2.718064934015274e-05,2.718064934015274e-05,False,False,False,False,True
0,190019,1KK5JHFXBNGEb38pCznTNfWpiq2Vri3iGp,47,1PpqtvrMTtHiiGZ4a2z9iVhTod6xC3cCvM,0.002096226904541254,0.0021190361585468054,-2.2809254005551338e-05,2.2809254005551338e-05,False,False,False,False,True
0,190019,1KK5JHFXBNGEb38pCznTNfWpiq2Vri3iGp,47,1eSkZqiDWxoTggz6KUC1koHAP75iK4NQh,0.002096226904541254,0.002137322211638093,-4.109530709683895e-05,4.109530709683895e-05,False,False,False,False,True
0,106789,1BiBddSVHHkj5kYuUVAhpsrP7zZh1nTVBK,42,1GQmweAj7Lqwzs4eD8u6DjGA8da2kaG93S,0.005945382174104452,0.013921139761805534,-0.007975757587701082,0.007975757587701082,False,False,False,False,True
0,65258,17wYnAYvpvizXDUJMBPPtPtzezDCzSkPAW,45,1N52wHoVR79PMDishab2XmRHsbekCdGquK,0.004660510923713446,0.0026873615570366383,0.0019731493666768074,0.0019731493666768074,False,False,False,True,False
0,143087,1F2zbHmoQuDemvTMP6B3AZfBmsNtYuxENo,48,1GX28yLjVWux7ws4UQ9FB4MnLH4UKTPK2z,0.007113822735846043,0.237486332654953,-0.23037250991910696,0.23037250991910696,False,False,False,False,True
0,189016,1KE4tj1K9S4UAuBcSzYVBmbJzuuw7csPKF,44,17A16QmavnUfCW11DAApiJxp7ARnxN5pGX,0.012755542062222958,0.15167273581027985,-0.1389171937480569,0.1389171937480569,False,False,False,False,True
0,134809,1EGdMMpmYkXeHm14nWkPDW53tACXkW9HSi,44,1FRCAsP1c12HCjgGdTYDgwLnrwyA6dFwRE,0.009476461447775364,0.02601841278374195,-0.016541951335966587,0.016541951335966587,False,False,False,False,True
0,134809,1EGdMMpmYkXeHm14nWkPDW53tACXkW9HSi,44,1GX28yLjVWux7ws4UQ9FB4MnLH4UKTPK2z,0.009476461447775364,0.013130640611052513,-0.003654179163277149,0.003654179163277149,False,False,False,False,True
0,212152,1MLniwjqT1tHUab3FenSmiLrNYVxiAF1ty,48,1GX28yLjVWux7ws4UQ9FB4MnLH4UKTPK2z,0.006906110793352127,0.08200597018003464,-0.07509985938668251,0.07509985938668251,False,False,False,False,True
0,124836,1DM4T1wf4RHZsMsYrJnUkoksBEWXkoMhaf,49,18n7dKRY9ZGFYGfLpCo2hQyy7qDM5ug388,0.003221741644665599,0.0036592779215425253,-0.0004375362768769264,0.0004375362768769264,False,False,False,False,True
0,124836,1DM4T1wf4RHZsMsYrJnUkoksBEWXkoMhaf,49,1N52wHoVR79PMDishab2XmRHsbekCdGquK,0.003221741644665599,0.004267257638275623,-0.0010455159936100245,0.0010455159936100245,False,False,False,False,True
0,213331,1MTGMNFCxnv41t2riB3Y5fU6Bhr8rvB1AA,47,1KumbRsTcA6UNqU2MHEfqEFnAZYU3w3izR,0.011463695205748081,0.005710451398044825,0.005753243807703257,0.005753243807703257,False,False,False,True,False
0,249351,1qt7UyezCZz11T7oQ3L9o6dovJ6cFVvbN,45,1Nu5GC9hpp8THFuS7KcbScYVQCHbNtrLXz,0.0026367187965661287,0.00291870953515172,-0.0002819907385855913,0.0002819907385855913,False,False,False,False,True
0,86516,19tRCfJyKzGsDf5cCYR3UVRDzLwkrGW9P2,45,17A16QmavnUfCW11DAApiJxp7ARnxN5pGX,0.004472354892641306,0.01610051654279232,-0.011628161650151014,0.011628161650151014,False,False,False,False,True
0,107592,1BnJjZijwkWVDshkNNiH8yEwunHM4kYg3p,49,17A16QmavnUfCW11DAApiJxp7ARnxN5pGX,0.004480837844312191,0.018386993557214737,-0.013906155712902546,0.013906155712902546,False,False,False,False,True
0,168320,1HKUotHmDeJKUV7dLh8TBzpfT2MdYNRCD6,46,1N52wHoVR79PMDishab2XmRHsbekCdGquK,0.010462058708071709,0.008539185859262943,0.0019228728488087654,0.0019228728488087654,False,False,False,True,False
0,261641,37sQBHhrpJ3Rzbn7UriXXsAtq2BYrypN3p,42,17A16QmavnUfCW11DAApiJxp7ARnxN5pGX,0.004347276873886585,0.013645021244883537,-0.009297744370996952,0.009297744370996952,False,False,False,False,True
0,159052,1GUfh6xuXRuSFL5f5UZn5r48gVs62TVBTh,44,17A16QmavnUfCW11DAApiJxp7ARnxN5pGX,0.004468369297683239,0.013562200590968132,-0.009093831293284893,0.009093831293284893,False,False,False,False,True
0,186591,1K132bzJJT3vGLfQkgpvpqtk4zF7o816qQ,48,1BrT827NCgxjctnEBdLiuDzukupwWHP1i2,0.15025325119495392,0.0377223864197731,0.11253086477518082,0.11253086477518082,False,False,False,True,False
0,128506,1DgnE9zZ2CTxsrFYMPSeQUP7aV4B6fCScP,48,36SLihhtuJm4wJa9u7u3ULAt2tSSJxooA6,0.003965084441006184,0.01653164252638817,-0.012566558085381985,0.012566558085381985,False,False,False,False,True
0,151171,1FmcUReaNQPwWTnoTyZMvrCiPbLQy8nrPW,44,1FoxBitjXcBeZUS4eDzPZ7b124q3N7QJK7,0.015728795900940895,0.20193955302238464,-0.18621075712144375,0.18621075712144375,False,False,False,False,True
0,121446,1D36YqqENoeU1Ktfu9G6qPYPtJgwTiWzy,44,17A16QmavnUfCW11DAApiJxp7ARnxN5pGX,0.006501115392893553,0.21491755545139313,-0.20841644005849957,0.20841644005849957,False,False,False,False,True
0,163356,1GsM7fi71F8f1N2GHx3HpvSd3vBUFvo32C,42,12cgpFdJViXbwHbhrA3TuW1EGnL25Zqc3P,0.0035476258490234613,0.004501699469983578,-0.0009540736209601164,0.0009540736209601164,False,False,False,False,True
0,163356,1GsM7fi71F8f1N2GHx3HpvSd3vBUFvo32C,42,17A16QmavnUfCW11DAApiJxp7ARnxN5pGX,0.0035476258490234613,0.003757433732971549,-0.0002098078839480877,0.0002098078839480877,False,False,False,False,True
0,195779,1KpfTBk3SYFJVdW8LyYfx6b6FoP5eFQfts,42,3BuQmbmdce3e31GEovq5SgowLdfMgJzLDE,0.9573262929916382,0.9048424363136292,0.05248385667800903,0.05248385667800903,False,False,False,True,False
0,156715,1GGUWCzitM6NsMztt3QMH4CTaaCnM4JAgy,44,125NYpUEF377vRqZ6Wp7p1uvrnecWS6C7D,0.008215480484068394,0.008719083853065968,-0.0005036033689975739,0.0005036033689975739,False,False,False,False,True
0,156715,1GGUWCzitM6NsMztt3QMH4CTaaCnM4JAgy,44,12cgpFdJViXbwHbhrA3TuW1EGnL25Zqc3P,0.008215480484068394,0.9455742239952087,-0.9373587435111403,0.9373587435111403,False,False,False,False,True
0,241002,1Pzbub4HJZkLBMoWs7pAPTMrVifjJmo3ce,48,34JK3n7cnMCqaK8wQdNtFikdgjJoMVHTRp,0.7366757392883301,0.7632635831832886,-0.026587843894958496,0.026587843894958496,False,False,False,False,True
0,241002,1Pzbub4HJZkLBMoWs7pAPTMrVifjJmo3ce,48,3GRk2DcHrfqpB7DA6bGHCaV7V2jmKSsM7g,0.7366757392883301,0.7550179362297058,-0.018342196941375732,0.018342196941375732,False,False,False,False,True
0,123530,1DEFdTNGBtoFoc85mErptmKvTCyJKEoWkw,48,16RFW3RRmufWGCAfXpXYMpXneLvasBCZo2,0.1790216565132141,0.1834430992603302,-0.004421442747116089,0.004421442747116089,False,False,False,False,True
0,123530,1DEFdTNGBtoFoc85mErptmKvTCyJKEoWkw,48,1PGzmqixR2MEJ4RFGCip8KKGzHNi2ypHKW,0.1790216565132141,0.1836811751127243,-0.004659518599510193,0.004659518599510193,False,False,False,False,True
0,202531,1LSyn9ndTgCt4Z7o3pjFZhYvLu1g6kfd7V,45,17A16QmavnUfCW11DAApiJxp7ARnxN5pGX,0.006957802921533585,0.020780427381396294,-0.013822624459862709,0.013822624459862709,False,False,False,False,True
0,196644,1Ku6nW7N5S1nnGruRSquR9zLSmda58tMbp,47,1N52wHoVR79PMDishab2XmRHsbekCdGquK,0.004407247994095087,0.005965059623122215,-0.0015578116290271282,0.0015578116290271282,False,False,False,False,True
0,132850,1E61c32ZiH5Nh2HH6ybtg8SUHjeykh1LPm,48,12cgpFdJViXbwHbhrA3TuW1EGnL25Zqc3P,0.005831984803080559,0.018257977440953255,-0.012425992637872696,0.012425992637872696,False,False,False,False,True
0,7288,12brYYHrLcNS3ZVVs754sdanaHG7zfyzQT,44,18KHC99YdrhywhsduAzYc1JXLKwZapuiJa,0.034511588513851166,0.0353110246360302,-0.0007994361221790314,0.0007994361221790314,False,False,False,False,True
0,7288,12brYYHrLcNS3ZVVs754sdanaHG7zfyzQT,44,1B6sXkGjzpz2FA88cSSGs5YjQ4Fk8i3wma,0.034511588513851166,0.03541378304362297,-0.0009021945297718048,0.0009021945297718048,False,False,False,False,True
0,7288,12brYYHrLcNS3ZVVs754sdanaHG7zfyzQT,44,1Ddoc6nTmQUC1cdy8NFmJmVwVS5CsST2Fa,0.034511588513851166,0.03531458228826523,-0.0008029937744140625,0.0008029937744140625,False,False,False,False,True
0,7288,12brYYHrLcNS3ZVVs754sdanaHG7zfyzQT,44,1EaV2UNqUzyvNhiajCxRjsTZWBkCrBNBVL,0.034511588513851166,0.035338371992111206,-0.0008267834782600403,0.0008267834782600403,False,False,False,False,True
0,44551,1648bR9WwQa4zj2a7NCqnfGD4kuyefzugS,45,17iXD5qnNkfUQvLFE665WgFVF6WCKxiT8x,0.0023347826208919287,0.004705776460468769,-0.0023709938395768404,0.0023709938395768404,False,False,False,False,True
0,44551,1648bR9WwQa4zj2a7NCqnfGD4kuyefzugS,45,1N52wHoVR79PMDishab2XmRHsbekCdGquK,0.0023347826208919287,0.0025295312516391277,-0.00019474863074719906,0.00019474863074719906,False,False,False,False,True
0,218560,1MvY6u7WVmpb3KoKg3fd85Eum8MHNiRwbr,46,17A16QmavnUfCW11DAApiJxp7ARnxN5pGX,0.0061287786811590195,0.007935497909784317,-0.0018067192286252975,0.0018067192286252975,False,False,False,False,True
0,184025,1JmRRGzphv5TAJ9f81S1AELdR3Wjz5bmBG,45,12cgpFdJViXbwHbhrA3TuW1EGnL25Zqc3P,0.004758173134177923,0.7361049652099609,-0.731346792075783,0.731346792075783,False,False,False,False,True
0,104008,1BTrUL98mTQC77wzHmFLna3WqTbxWN4gs5,48,1GX28yLjVWux7ws4UQ9FB4MnLH4UKTPK2z,0.003091914812102914,0.005863884463906288,-0.0027719696518033743,0.0027719696518033743,False,False,False,False,True
0,78151,197fLanD4D9vcSJdDLuLHeLVvpwafTi4dw,42,1N52wHoVR79PMDishab2XmRHsbekCdGquK,0.0039314767345786095,0.0033168599475175142,0.0006146167870610952,0.0006146167870610952,False,False,False,True,False
0,102521,1BLe75bHu2vfpbkzFyaTQ2kC5KrBmcLAED,48,1GX28yLjVWux7ws4UQ9FB4MnLH4UKTPK2z,0.006909990217536688,0.08908383548259735,-0.08217384526506066,0.08217384526506066,False,False,False,False,True
0,279796,3JKkhtPhzNs6RMvVxm5ss8Ez2TXTPuV53Q,46,3H5JQ7oZmUmu53E6o53bNx7pjL69GqJYYc,0.05450384318828583,0.02823932096362114,0.026264522224664688,0.026264522224664688,False,False,False,True,False
0,45631,169wMGptgcAaKax86jhHYvLBqj7yr6DxGM,48,1BrT827NCgxjctnEBdLiuDzukupwWHP1i2,0.1526903212070465,0.03867408260703087,0.11401623860001564,0.11401623860001564,False,False,False,True,False
0,134107,1ECwaJfNB19RSVihKqpy2rGpH4udGAZgXK,42,1N52wHoVR79PMDishab2XmRHsbekCdGquK,0.0026027048006653786,0.00814757775515318,-0.005544872954487801,0.005544872954487801,False,False,False,False,True
0,134107,1ECwaJfNB19RSVihKqpy2rGpH4udGAZgXK,42,3M1XKJMYxeKbdmLgwWWi7TPNtSuVKqEsJN,0.0026027048006653786,0.0036511889193207026,-0.001048484118655324,0.001048484118655324,False,False,False,False,True
0,137053,1EUXNDEC4yeasbwf64HL534oZzZ7bBS1V8,45,17A16QmavnUfCW11DAApiJxp7ARnxN5pGX,0.0025917866732925177,0.0028811178635805845,-0.00028933119028806686,0.00028933119028806686,False,False,False,False,True
0,137053,1EUXNDEC4yeasbwf64HL534oZzZ7bBS1V8,45,1N52wHoVR79PMDishab2XmRHsbekCdGquK,0.0025917866732925177,0.006496782880276442,-0.003904996206983924,0.003904996206983924,False,False,False,False,True
0,137053,1EUXNDEC4yeasbwf64HL534oZzZ7bBS1V8,45,31ziknMnZi5hXjTb7JqxfP5CeajSFoaBFy,0.0025917866732925177,0.0026662671007215977,-7.448042742908001e-05,7.448042742908001e-05,False,False,False,False,True
0,75343,18sBKydW3z2M6Mr4cRYXKBbPqg6c14kMSG,48,1GX28yLjVWux7ws4UQ9FB4MnLH4UKTPK2z,0.002764364005997777,0.018162798136472702,-0.015398434130474925,0.015398434130474925,False,False,False,False,True
0,121010,1Czhx282eNDdQKhgVg5s9crumZrmtthSbh,42,17A16QmavnUfCW11DAApiJxp7ARnxN5pGX,0.0026726387441158295,0.0030437749810516834,-0.00037113623693585396,0.00037113623693585396,False,False,False,False,True
0,121010,1Czhx282eNDdQKhgVg5s9crumZrmtthSbh,42,1N52wHoVR79PMDishab2XmRHsbekCdGquK,0.0026726387441158295,0.009189542382955551,-0.006516903638839722,0.006516903638839722,False,False,False,False,True
0,225803,1NbU6vEvbmxRcEkwnKPAJLqvFhixYHRuPv,42,1GQmweAj7Lqwzs4eD8u6DjGA8da2kaG93S,0.00592360645532608,0.013486223295331001,-0.007562616840004921,0.007562616840004921,False,False,False,False,True
0,181987,1Jag7VPPpqAAa6UQvhNeyf4PnVYad3HEf2,42,1GQmweAj7Lqwzs4eD8u6DjGA8da2kaG93S,0.005965141579508781,0.014326212927699089,-0.008361071348190308,0.008361071348190308,False,False,False,False,True
0,73830,18jHNK94uxU6J12N56ybXPcRy66TkYcQLu,47,12ucu9bHLe2w2ahjibVtp3xmdcGkgUmX4A,0.6192474961280823,0.6801769733428955,-0.06092947721481323,0.06092947721481323,False,False,False,False,True
0,73830,18jHNK94uxU6J12N56ybXPcRy66TkYcQLu,47,14yEMDi68H8Ei4Rq7dhfvWdAF3dU3iM48L,0.6192474961280823,0.6379683017730713,-0.018720805644989014,0.018720805644989014,False,False,False,False,True
0,73830,18jHNK94uxU6J12N56ybXPcRy66TkYcQLu,47,1DZcR1hd6cihEuPujZkjwe9mYBXpFjHZuv,0.6192474961280823,0.5524100661277771,0.06683743000030518,0.06683743000030518,False,False,False,True,False
0,73830,18jHNK94uxU6J12N56ybXPcRy66TkYcQLu,47,1MnaTZEoFJaXZcXmJw4vVXNfCmKQmW3Upd,0.6192474961280823,0.6034442782402039,0.015803217887878418,0.015803217887878418,False,False,False,True,False
0,73830,18jHNK94uxU6J12N56ybXPcRy66TkYcQLu,47,3PwguWXaSxHmXRJi9rsPReUKYftekwhLbH,0.6192474961280823,0.5989355444908142,0.020311951637268066,0.020311951637268066,False,False,False,True,False
0,8116,12gUqwhtHE1BH1PXQgewCdXzghWSf6VqQi,47,1N52wHoVR79PMDishab2XmRHsbekCdGquK,0.004565832205116749,0.003424418857321143,0.0011414133477956057,0.0011414133477956057,False,False,False,True,False
0,125393,1DQ27qFhGPiYgQmibPsVvwXRRjcSMoEK9j,47,12cgpFdJViXbwHbhrA3TuW1EGnL25Zqc3P,0.004992366768419743,0.9015956521034241,-0.8966032853350043,0.8966032853350043,False,False,False,False,True
0,209642,1M7UaALuoBiRsA6MTjB8xn8WfJn2Ai6tqQ,42,17A16QmavnUfCW11DAApiJxp7ARnxN5pGX,0.004197190515697002,0.016269102692604065,-0.012071912176907063,0.012071912176907063,False,False,False,False,True
0,262455,38LJdvXo38i49gEytrQM9XNmGeeF5gkKhn,48,35MU2FpsCNepSLi7dMHJMNDzkoqhzroBKm,0.10564663261175156,0.11003272235393524,-0.004386089742183685,0.004386089742183685,False,False,False,False,True
0,262455,38LJdvXo38i49gEytrQM9XNmGeeF5gkKhn,48,3PJf9xLejoRJrNzNc38dNMhrsR7uTRty5w,0.10564663261175156,0.13621515035629272,-0.030568517744541168,0.030568517744541168,False,False,False,False,True
0,92526,1ARoN7eZiZm7tVrDJxKFhSHyHvD3gCNSx3,45,12cgpFdJViXbwHbhrA3TuW1EGnL25Zqc3P,0.003553142072632909,0.004465612582862377,-0.0009124705102294683,0.0009124705102294683,False,False,False,False,True
0,92526,1ARoN7eZiZm7tVrDJxKFhSHyHvD3gCNSx3,45,17A16QmavnUfCW11DAApiJxp7ARnxN5pGX,0.003553142072632909,0.0037011869717389345,-0.0001480448991060257,0.0001480448991060257,False,False,False,False,True
0,102608,1BM2itwQCXyzMquHwKpXPFqTUtNKaQm4GS,48,1GX28yLjVWux7ws4UQ9FB4MnLH4UKTPK2z,0.00690111517906189,0.08048119395971298,-0.07358007878065109,0.07358007878065109,False,False,False,False,True
